# r[L0]  F[rad]  Fp[rad/L0]
5.000000000000000104e-03 3.071151655375263356e+00 -1.408819964290595905e+01
9.999000000000000943e-03 3.022249287555873298e+00 -7.687289753306257190e+00
1.499800000000000091e-02 2.988579182932623812e+00 -6.005530218978997858e+00
1.999700000000000089e-02 2.961013578381423539e+00 -5.099839168290031033e+00
2.499600000000000086e-02 2.937078765459371965e+00 -4.513023031032415311e+00
2.999500000000000083e-02 2.915619284985892623e+00 -4.093592748616605270e+00
3.499399999999999733e-02 2.895985627040977839e+00 -3.774801058679082111e+00
3.999300000000000077e-02 2.877769843172769626e+00 -3.522051625560660426e+00
4.499200000000000421e-02 2.860695916802990180e+00 -3.315387490430205197e+00
4.999100000000000765e-02 2.844566824729368282e+00 -3.142383207999024375e+00
5.499000000000001109e-02 2.829236123358704003e+00 -2.994845482429155936e+00
5.998900000000001453e-02 2.814591459540420448e+00 -2.867124042218825331e+00
6.498800000000001797e-02 2.800544407433508631e+00 -2.755179492605345004e+00
6.998700000000002142e-02 2.787023896600040462e+00 -2.656037365674479567e+00
7.498600000000002486e-02 2.773971792594577046e+00 -2.567452492639408224e+00
7.998500000000002830e-02 2.761339826534146891e+00 -2.487694200575806036e+00
8.498400000000003174e-02 2.749087402211290776e+00 -2.415404083353593023e+00
8.998300000000003518e-02 2.737179992450037069e+00 -2.349499044257739033e+00
9.498200000000003862e-02 2.725587942060090807e+00 -2.289103511599164698e+00
9.998100000000004206e-02 2.714285558095958617e+00 -2.233500991762564336e+00
1.049800000000000455e-01 2.703250407403606559e+00 -2.182098761760852934e+00
1.099790000000000489e-01 2.692462766509100103e+00 -2.134401687837970130e+00
1.149780000000000524e-01 2.681905185326546537e+00 -2.089992507690522139e+00
1.199770000000000558e-01 2.671562137169866791e+00 -2.048516771606919473e+00
1.249760000000000593e-01 2.661419735083527360e+00 -2.009671195275017030e+00
1.299750000000000627e-01 2.651465499755727873e+00 -1.973194547030104440e+00
1.349740000000000661e-01 2.641688167997172432e+00 -1.938860442659692263e+00
1.399730000000000696e-01 2.632077533445324136e+00 -1.906471593225489203e+00
1.449720000000000730e-01 2.622624313107370320e+00 -1.875855171908079821e+00
1.499710000000000765e-01 2.613320034798946701e+00 -1.846859051431840815e+00
1.549700000000000799e-01 2.604156941615516807e+00 -1.819348725164830149e+00
1.599690000000000834e-01 2.595127910389821047e+00 -1.793204769803942167e+00
1.649680000000000868e-01 2.586226381712450895e+00 -1.768320740570528571e+00
1.699670000000000902e-01 2.577446299573463495e+00 -1.744601414424373331e+00
1.749660000000000937e-01 2.568782059056955003e+00 -1.721961315291125949e+00
1.799650000000000971e-01 2.560228460813806617e+00 -1.700323469331332715e+00
1.849640000000001006e-01 2.551780671269590073e+00 -1.679618349024379897e+00
1.899630000000001040e-01 2.543434187709098016e+00 -1.659782973135802475e+00
1.949620000000001074e-01 2.535184807526794426e+00 -1.640760136089533194e+00
1.999610000000001109e-01 2.527028601051695578e+00 -1.622497745323275176e+00
2.049600000000001143e-01 2.518961887451928394e+00 -1.604948249194645626e+00
2.099590000000001178e-01 2.510981213303127735e+00 -1.588068141173651249e+00
2.149580000000001212e-01 2.503083333469591221e+00 -1.571817528588015156e+00
2.199570000000001246e-01 2.495265194000495068e+00 -1.556159756221708657e+00
2.249560000000001281e-01 2.487523916787712341e+00 -1.541061076710400712e+00
2.299550000000001315e-01 2.479856785768595806e+00 -1.526490361012356578e+00
2.349540000000001350e-01 2.472261234487878490e+00 -1.512418843322934858e+00
2.399530000000001384e-01 2.464734834858685719e+00 -1.498819895694520898e+00
2.449520000000001418e-01 2.457275286984442975e+00 -1.485668828360051652e+00
2.499510000000001453e-01 2.449880409921899815e+00 -1.472942712367572016e+00
2.549500000000001210e-01 2.442548133281140288e+00 -1.460620221639522542e+00
2.599490000000000967e-01 2.435276489571797764e+00 -1.448681491992781289e+00
2.649480000000000723e-01 2.428063607216096820e+00 -1.437107995009120343e+00
2.699470000000000480e-01 2.420907704159128482e+00 -1.425882424942945592e+00
2.749460000000000237e-01 2.413807082015188676e+00 -1.414988597103835177e+00
2.799449999999999994e-01 2.406760120696273653e+00 -1.404411356363495011e+00
2.849439999999999751e-01 2.399765273475112703e+00 -1.394136494616795341e+00
2.899429999999999508e-01 2.392821062440581681e+00 -1.384150676179884965e+00
2.949419999999999265e-01 2.385926074308081901e+00 -1.374441370239328775e+00
2.999409999999999021e-01 2.379078956551613722e+00 -1.364996789578385661e+00
3.049399999999998778e-01 2.372278413827897836e+00 -1.355805834902893192e+00
3.099389999999998535e-01 2.365523204666069912e+00 -1.346858044172197788e+00
3.149379999999998292e-01 2.358812138399261293e+00 -1.338143546412220219e+00
3.199369999999998049e-01 2.352144072316838308e+00 -1.329653019549763338e+00
3.249359999999997806e-01 2.345517909018233205e+00 -1.321377651860983216e+00
3.299349999999997562e-01 2.338932593951220440e+00 -1.313309106673749005e+00
3.349339999999997319e-01 2.332387113119187116e+00 -1.305439490004415726e+00
3.399329999999997076e-01 2.325880490943448287e+00 -1.297761320845171706e+00
3.449319999999996833e-01 2.319411788268005203e+00 -1.290267503849330755e+00
3.499309999999996590e-01 2.312980100495329872e+00 -1.282951304189304809e+00
3.549299999999996347e-01 2.306584555842825512e+00 -1.275806324386054902e+00
3.599289999999996104e-01 2.300224313710572233e+00 -1.268826482930007771e+00
3.649279999999995860e-01 2.293898563151803849e+00 -1.262005994532117148e+00
3.699269999999995617e-01 2.287606521438343421e+00 -1.255339351860279118e+00
3.749259999999995374e-01 2.281347432713897394e+00 -1.248821308630939653e+00
3.799249999999995131e-01 2.275120566728735749e+00 -1.242446863938715174e+00
3.849239999999994888e-01 2.268925217649835346e+00 -1.236211247718378203e+00
3.899229999999994645e-01 2.262760702941069457e+00 -1.230109907243824630e+00
3.949219999999994402e-01 2.256626362308477241e+00 -1.224138494577784009e+00
3.999209999999994158e-01 2.250521556706061688e+00 -1.218292854894206245e+00
4.049199999999993915e-01 2.244445667397931388e+00 -1.212569015602553035e+00
4.099189999999993672e-01 2.238398095072938521e+00 -1.206963176209764121e+00
4.149179999999993429e-01 2.232378259008278132e+00 -1.201471698861527493e+00
4.199169999999993186e-01 2.226385596278784185e+00 -1.196091099509746014e+00
4.249159999999992943e-01 2.220419561008916798e+00 -1.190818039657823180e+00
4.299149999999992700e-01 2.214479623664662000e+00 -1.185649318639652394e+00
4.349139999999992456e-01 2.208565270382779833e+00 -1.180581866392030665e+00
4.399129999999992213e-01 2.202676002335028027e+00 -1.175612736683685711e+00
4.449119999999991970e-01 2.196811335125163467e+00 -1.170739100767233865e+00
4.499109999999991727e-01 2.190970798216682613e+00 -1.165958241423221908e+00
4.549099999999991484e-01 2.185153934389418406e+00 -1.161267547367969666e+00
4.599089999999991241e-01 2.179360299223235486e+00 -1.156664507999257685e+00
4.649079999999990997e-01 2.173589460607197932e+00 -1.152146708456018409e+00
4.699069999999990754e-01 2.167840998272695607e+00 -1.147711824970103933e+00
4.749059999999990511e-01 2.162114503349117811e+00 -1.143357620489956261e+00
4.799049999999990268e-01 2.156409577940765043e+00 -1.139081940557592043e+00
4.849039999999990025e-01 2.150725834723772767e+00 -1.134882709421763058e+00
4.899029999999989782e-01 2.145062896561910737e+00 -1.130757926371481092e+00
4.949019999999989539e-01 2.139420396140188974e+00 -1.126705662275300446e+00
4.999009999999989295e-01 2.133797975615278730e+00 -1.122724056312857321e+00
5.048999999999989052e-01 2.128195286281818088e+00 -1.118811312886176745e+00
5.098989999999988809e-01 2.122611988253732207e+00 -1.114965698699185159e+00
5.148979999999988566e-01 2.117047750159756436e+00 -1.111185539994713256e+00
5.198969999999988323e-01 2.111502248852398456e+00 -1.107469219939054117e+00
5.248959999999988080e-01 2.105975169129623570e+00 -1.103815176144859578e+00
5.298949999999987837e-01 2.100466203468598803e+00 -1.100221898323811009e+00
5.348939999999987593e-01 2.094975051770860741e+00 -1.096687926061109764e+00
5.398929999999987350e-01 2.089501421118320046e+00 -1.093211846704387424e+00
5.448919999999987107e-01 2.084045025539549734e+00 -1.089792293360150710e+00
5.498909999999986864e-01 2.078605585785831877e+00 -1.086427942991347706e+00
5.548899999999986621e-01 2.073182829116475112e+00 -1.083117514610080434e+00
5.598889999999986378e-01 2.067776489092939762e+00 -1.079859767559891770e+00
5.648879999999986135e-01 2.062386305381338936e+00 -1.076653499882425535e+00
5.698869999999985891e-01 2.057012023562902137e+00 -1.073497546763607868e+00
5.748859999999985648e-01 2.051653394952017262e+00 -1.070390779054812169e+00
5.798849999999985405e-01 2.046310176421487714e+00 -1.067332101864769012e+00
5.848839999999985162e-01 2.040982130234659575e+00 -1.064320453218255080e+00
5.898829999999984919e-01 2.035669023884093765e+00 -1.061354802777847661e+00
5.948819999999984676e-01 2.030370629936479876e+00 -1.058434150625271686e+00
5.998809999999984433e-01 2.025086725883499028e+00 -1.055557526099078824e+00
6.048799999999984189e-01 2.019817093998362179e+00 -1.052723986685607738e+00
6.098789999999983946e-01 2.014561521197765437e+00 -1.049932616960359555e+00
6.148779999999983703e-01 2.009319798909017685e+00 -1.047182527577100508e+00
6.198769999999983460e-01 2.004091722942107801e+00 -1.044472854302167075e+00
6.248759999999983217e-01 1.998877093366490998e+00 -1.041802757091602194e+00
6.298749999999982974e-01 1.993675714392385556e+00 -1.039171419208891667e+00
6.348739999999982730e-01 1.988487394256384100e+00 -1.036578046381205320e+00
6.398729999999982487e-01 1.983311945111189578e+00 -1.034021865992168943e+00
6.448719999999982244e-01 1.978149182919300086e+00 -1.031502126309309375e+00
6.498709999999982001e-01 1.972998927350472442e+00 -1.029018095744422601e+00
6.548699999999981758e-01 1.967861001682803757e+00 -1.026569062145217703e+00
6.598689999999981515e-01 1.962735232707280231e+00 -1.024154332116681054e+00
6.648679999999981272e-01 1.957621450635646188e+00 -1.021773230370695007e+00
6.698669999999981028e-01 1.952519489011457221e+00 -1.019425099102527987e+00
6.748659999999980785e-01 1.947429184624185350e+00 -1.017109297392889689e+00
6.798649999999980542e-01 1.942350377426252939e+00 -1.014825200634318803e+00
6.848639999999980299e-01 1.937282910452875040e+00 -1.012572199980736443e+00
6.898629999999980056e-01 1.932226629744597357e+00 -1.010349701819065693e+00
6.948619999999979813e-01 1.927181384272423470e+00 -1.008157127261873898e+00
6.998609999999979570e-01 1.922147025865427850e+00 -1.005993911660052476e+00
7.048599999999979326e-01 1.917123409140756074e+00 -1.003859504134603009e+00
7.098589999999979083e-01 1.912110391435920320e+00 -1.001753367126644756e+00
7.148579999999978840e-01 1.907107832743300868e+00 -9.996749759648076994e-01
7.198569999999978597e-01 1.902115595646767687e+00 -9.976238184492197680e-01
7.248559999999978354e-01 1.897133545260341725e+00 -9.955993944513353844e-01
7.298549999999978111e-01 1.892161549168819734e+00 -9.936012155288939107e-01
7.348539999999977868e-01 1.887199477370286260e+00 -9.916288045553317554e-01
7.398529999999977624e-01 1.882247202220443505e+00 -9.896816953630074298e-01
7.448519999999977381e-01 1.877304598378692457e+00 -9.877594323996300441e-01
7.498509999999977138e-01 1.872371542755898899e+00 -9.858615703973141464e-01
7.548499999999976895e-01 1.867447914463783443e+00 -9.839876740537104594e-01
7.598489999999976652e-01 1.862533594765876543e+00 -9.821373177246917052e-01
7.648479999999976409e-01 1.857628467029982522e+00 -9.803100851280971417e-01
7.698469999999976165e-01 1.852732416682097094e+00 -9.785055690580631849e-01
7.748459999999975922e-01 1.847845331161727556e+00 -9.767233711094925885e-01
7.798449999999975679e-01 1.842967099878566772e+00 -9.749631014122343009e-01
7.848439999999975436e-01 1.838097614170471239e+00 -9.732243783745677668e-01
7.898429999999975193e-01 1.833236767262700573e+00 -9.715068284356042083e-01
7.948419999999974950e-01 1.828384454228371370e+00 -9.698100858262367341e-01
7.998409999999974707e-01 1.823540571950087008e+00 -9.681337923382877797e-01
8.048399999999974463e-01 1.818705019082701213e+00 -9.664775971015185929e-01
8.098389999999974220e-01 1.813877696017177188e+00 -9.648411563681826841e-01
8.148379999999973977e-01 1.809058504845505455e+00 -9.632241333048173759e-01
8.198369999999973734e-01 1.804247349326645544e+00 -9.616261977909843495e-01
8.248359999999973491e-01 1.799444134853456223e+00 -9.600470262246815212e-01
8.298349999999973248e-01 1.794648768420583407e+00 -9.584863013341616833e-01
8.348339999999973005e-01 1.789861158593272217e+00 -9.569437119959055549e-01
8.398329999999972761e-01 1.785081215477074768e+00 -9.554189530585084356e-01
8.448319999999972518e-01 1.780308850688424149e+00 -9.539117251722493140e-01
8.498309999999972275e-01 1.775543977326045741e+00 -9.524217346241230508e-01
8.548299999999972032e-01 1.770786509943181208e+00 -9.509486931781250263e-01
8.598289999999971789e-01 1.766036364520597424e+00 -9.494923179205866370e-01
8.648279999999971546e-01 1.761293458440356563e+00 -9.480523311103701278e-01
8.698269999999971303e-01 1.756557710460323163e+00 -9.466284600337380173e-01
8.748259999999971059e-01 1.751829040689385497e+00 -9.452204368637214804e-01
8.798249999999970816e-01 1.747107370563369511e+00 -9.438279985238190450e-01
8.848239999999970573e-01 1.742392622821622439e+00 -9.424508865558643977e-01
8.898229999999970330e-01 1.737684721484248351e+00 -9.410888469919087562e-01
8.948219999999970087e-01 1.732983591829973191e+00 -9.397416302299701485e-01
8.998209999999969844e-01 1.728289160374622213e+00 -9.384089909135077123e-01
9.048199999999969600e-01 1.723601354850190948e+00 -9.370906878144852348e-01
9.098189999999969357e-01 1.718920104184491926e+00 -9.357864837198939245e-01
9.148179999999969114e-01 1.714245338481359848e+00 -9.344961453216098501e-01
9.198169999999968871e-01 1.709576989001399872e+00 -9.332194431094661402e-01
9.248159999999968628e-01 1.704914988143262367e+00 -9.319561512674257031e-01
9.298149999999968385e-01 1.700259269425429043e+00 -9.307060475727437776e-01
9.348139999999968142e-01 1.695609767468496676e+00 -9.294689132980156199e-01
9.398129999999967898e-01 1.690966417977942449e+00 -9.282445331160075197e-01
9.448119999999967655e-01 1.686329157727358696e+00 -9.270326950071736682e-01
9.498109999999967412e-01 1.681697924542143507e+00 -9.258331901697669508e-01
9.548099999999967169e-01 1.677072657283634971e+00 -9.246458129324516273e-01
9.598089999999966926e-01 1.672453295833674858e+00 -9.234703606693348554e-01
9.648079999999966683e-01 1.667839781079592409e+00 -9.223066337173315699e-01
9.698069999999966440e-01 1.663232054899594914e+00 -9.211544352957851123e-01
9.748059999999966196e-01 1.658630060148555074e+00 -9.200135714282671184e-01
9.798049999999965953e-01 1.654033740644183181e+00 -9.188838508664823879e-01
9.848039999999965710e-01 1.649443041153575651e+00 -9.177650850162089036e-01
9.898029999999965467e-01 1.644857907380128159e+00 -9.166570878652059440e-01
9.948019999999965224e-01 1.640278285950804271e+00 -9.155596759130233409e-01
9.998009999999964981e-01 1.635704124403751125e+00 -9.144726681026511539e-01
1.004799999999996585e+00 1.631135371176251514e+00 -9.133958857539480336e-01
1.009798999999996560e+00 1.626571975593004371e+00 -9.123291524987915402e-01
1.014797999999996536e+00 1.622013887854726111e+00 -9.112722942178932417e-01
1.019796999999996512e+00 1.617461059027063053e+00 -9.102251389792264114e-01
1.024795999999996488e+00 1.612913441029808048e+00 -9.091875169780134769e-01
1.029794999999996463e+00 1.608370986626413091e+00 -9.081592604782244837e-01
1.034793999999996439e+00 1.603833649413791029e+00 -9.071402037555379438e-01
1.039792999999996415e+00 1.599301383812398170e+00 -9.061301830417187730e-01
1.044791999999996390e+00 1.594774145056592429e+00 -9.051290364703682423e-01
1.049790999999996366e+00 1.590251889185258616e+00 -9.041366040240036428e-01
1.054789999999996342e+00 1.585734573032695716e+00 -9.031527274824270313e-01
1.059788999999996317e+00 1.581222154219757758e+00 -9.021772503723424208e-01
1.064787999999996293e+00 1.576714591145245592e+00 -9.012100179181845583e-01
1.069786999999996269e+00 1.572211842977539797e+00 -9.002508769941214295e-01
1.074785999999996244e+00 1.567713869646470970e+00 -8.992996760771959641e-01
1.079784999999996220e+00 1.563220631835422481e+00 -8.983562652015724126e-01
1.084783999999996196e+00 1.558732090973657947e+00 -8.974204959138551985e-01
1.089782999999996171e+00 1.554248209228870303e+00 -8.964922212294481607e-01
1.094781999999996147e+00 1.549768949499946258e+00 -8.955712955899235439e-01
1.099780999999996123e+00 1.545294275409941465e+00 -8.946575748213725365e-01
1.104779999999996098e+00 1.540824151299261091e+00 -8.937509160937077146e-01
1.109778999999996074e+00 1.536358542219042222e+00 -8.928511778808917443e-01
1.114777999999996050e+00 1.531897413924732332e+00 -8.919582199220644769e-01
1.119776999999996026e+00 1.527440732869859596e+00 -8.910719031835452331e-01
1.124775999999996001e+00 1.522988466199992175e+00 -8.901920898216838518e-01
1.129774999999995977e+00 1.518540581746880003e+00 -8.893186431465393005e-01
1.134773999999995953e+00 1.514097048022776004e+00 -8.884514275863615307e-01
1.139772999999995928e+00 1.509657834214934269e+00 -8.875903086528562635e-01
1.144771999999995904e+00 1.505222910180278761e+00 -8.867351529072108329e-01
1.149770999999995880e+00 1.500792246440239897e+00 -8.858858279268623237e-01
1.154769999999995855e+00 1.496365814175756537e+00 -8.850422022729871330e-01
1.159768999999995831e+00 1.491943585222437640e+00 -8.842041454586950788e-01
1.164767999999995807e+00 1.487525532065881562e+00 -8.833715279179087387e-01
1.169766999999995782e+00 1.483111627837149893e+00 -8.825442209749122524e-01
1.174765999999995758e+00 1.478701846308390522e+00 -8.817220968145516036e-01
1.179764999999995734e+00 1.474296161888609458e+00 -8.809050284530725028e-01
1.184763999999995709e+00 1.469894549619585655e+00 -8.800928897095785519e-01
1.189762999999995685e+00 1.465496985171928168e+00 -8.792855551780968115e-01
1.194761999999995661e+00 1.461103444841270749e+00 -8.784829002002360054e-01
1.199760999999995637e+00 1.456713905544601451e+00 -8.776848008384240396e-01
1.204759999999995612e+00 1.452328344816725458e+00 -8.768911338497119567e-01
1.209758999999995588e+00 1.447946740806856702e+00 -8.761017766601323364e-01
1.214757999999995564e+00 1.443569072275336485e+00 -8.753166073396000391e-01
1.219756999999995539e+00 1.439195318590476891e+00 -8.745355045773441915e-01
1.224755999999995515e+00 1.434825459725524333e+00 -8.737583476578603126e-01
1.229754999999995491e+00 1.430459476255743656e+00 -8.729850164373729182e-01
1.234753999999995466e+00 1.426097349355617272e+00 -8.722153913207983944e-01
1.239752999999995442e+00 1.421739060796159082e+00 -8.714493532391986985e-01
1.244751999999995418e+00 1.417384592942339649e+00 -8.706867836277173422e-01
1.249750999999995393e+00 1.413033928750620172e+00 -8.699275644039888844e-01
1.254749999999995369e+00 1.408687051766593923e+00 -8.691715779470141623e-01
1.259748999999995345e+00 1.404343946122731390e+00 -8.684187070764932681e-01
1.264747999999995320e+00 1.400004596536227996e+00 -8.676688350326099419e-01
1.269746999999995296e+00 1.395668988306951963e+00 -8.669218454562592768e-01
1.274745999999995272e+00 1.391337107315489208e+00 -8.661776223697135180e-01
1.279744999999995247e+00 1.387008940021284609e+00 -8.654360501577190723e-01
1.284743999999995223e+00 1.382684473460876307e+00 -8.646970135490198439e-01
1.289742999999995199e+00 1.378363695246221488e+00 -8.639603975983007889e-01
1.294741999999995175e+00 1.374046593563110763e+00 -8.632260876685476925e-01
1.299740999999995150e+00 1.369733157169670923e+00 -8.624939694138176183e-01
1.304739999999995126e+00 1.365423375394951400e+00 -8.617639287624162536e-01
1.309738999999995102e+00 1.361117238137595109e+00 -8.610358519004785993e-01
1.314737999999995077e+00 1.356814735864589005e+00 -8.603096252559487844e-01
1.319736999999995053e+00 1.352515859610095683e+00 -8.595851354829563418e-01
1.324735999999995029e+00 1.348220600974359584e+00 -8.588622694465855023e-01
1.329734999999995004e+00 1.343928952122690479e+00 -8.581409142080350660e-01
1.334733999999994980e+00 1.339640905784519331e+00 -8.574209570101669620e-01
1.339732999999994956e+00 1.335356455252525221e+00 -8.567022852634410546e-01
1.344731999999994931e+00 1.331075594381832206e+00 -8.559847865322341987e-01
1.349730999999994907e+00 1.326798317589272802e+00 -8.552683485215430981e-01
1.354729999999994883e+00 1.322524619852717853e+00 -8.545528590640690814e-01
1.359728999999994858e+00 1.318254496710469681e+00 -8.538382061076837948e-01
1.364727999999994834e+00 1.313987944260716523e+00 -8.531242777032761460e-01
1.369726999999994810e+00 1.309724959161047364e+00 -8.524109619929791659e-01
1.374725999999994785e+00 1.305465538628024502e+00 -8.516981471987775665e-01
1.379724999999994761e+00 1.301209680436811844e+00 -8.509857216114957712e-01
1.384723999999994737e+00 1.296957382920857604e+00 -8.502735735801669748e-01
1.389722999999994713e+00 1.292708644971629184e+00 -8.495615915017842301e-01
1.394721999999994688e+00 1.288463466038398231e+00 -8.488496638114343407e-01
1.399720999999994664e+00 1.284221846128074107e+00 -8.481376789728157783e-01
1.404719999999994640e+00 1.279983785805083318e+00 -8.474255254691421824e-01
1.409718999999994615e+00 1.275749286191294463e+00 -8.467130917944334367e-01
1.414717999999994591e+00 1.271518348965984924e+00 -8.460002664451956589e-01
1.419716999999994567e+00 1.267290976365848199e+00 -8.452869379124927640e-01
1.424715999999994542e+00 1.263067171185040749e+00 -8.445729946744120475e-01
1.429714999999994518e+00 1.258846936775264158e+00 -8.438583251889264503e-01
1.434713999999994494e+00 1.254630277045883258e+00 -8.431428178871555046e-01
1.439712999999994469e+00 1.250417196464075786e+00 -8.424263611670294027e-01
1.444711999999994445e+00 1.246207700055013579e+00 -8.417088433873585185e-01
1.449710999999994421e+00 1.242001793402072618e+00 -8.409901528623120459e-01
1.454709999999994396e+00 1.237799482647068405e+00 -8.402701778563093082e-01
1.459708999999994372e+00 1.233600774490516638e+00 -8.395488065793281773e-01
1.464707999999994348e+00 1.229405676191916763e+00 -8.388259271826338237e-01
1.469706999999994324e+00 1.225214195570054398e+00 -8.381014277549324598e-01
1.474705999999994299e+00 1.221026341003323967e+00 -8.373751963189548508e-01
1.479704999999994275e+00 1.216842121430064871e+00 -8.366471208284731453e-01
1.484703999999994251e+00 1.212661546348913655e+00 -8.359170891657567992e-01
1.489702999999994226e+00 1.208484625819166380e+00 -8.351849891394719227e-01
1.494701999999994202e+00 1.204311370461151443e+00 -8.344507084830290466e-01
1.499700999999994178e+00 1.200141791456608376e+00 -8.337141348533849694e-01
1.504699999999994153e+00 1.195975900549072213e+00 -8.329751558303036818e-01
1.509698999999994129e+00 1.191813710044260510e+00 -8.322336589160818088e-01
1.514697999999994105e+00 1.187655232810460371e+00 -8.314895315357442307e-01
1.519696999999994080e+00 1.183500482278912580e+00 -8.307426610377155463e-01
1.524695999999994056e+00 1.179349472444192637e+00 -8.299929346949733722e-01
1.529694999999994032e+00 1.175202217864583565e+00 -8.292402397066892528e-01
1.534693999999994007e+00 1.171058733662439844e+00 -8.284844632003631748e-01
1.539692999999993983e+00 1.166919035524539572e+00 -8.277254922344577936e-01
1.544691999999993959e+00 1.162783139702421309e+00 -8.269632138015388101e-01
1.549690999999993934e+00 1.158651063012705373e+00 -8.261975148319269380e-01
1.554689999999993910e+00 1.154522822837394269e+00 -8.254282821978691231e-01
1.559688999999993886e+00 1.150398437124151574e+00 -8.246554027182340096e-01
1.564687999999993862e+00 1.146277924386555958e+00 -8.238787631637388698e-01
1.569686999999993837e+00 1.142161303704327890e+00 -8.230982502627138819e-01
1.574685999999993813e+00 1.138048594723525708e+00 -8.223137507074106400e-01
1.579684999999993789e+00 1.133939817656709259e+00 -8.215251511608613333e-01
1.584683999999993764e+00 1.129834993283067579e+00 -8.207323382642942589e-01
1.589682999999993740e+00 1.125734142948508154e+00 -8.199351986451131058e-01
1.594681999999993716e+00 1.121637288565705104e+00 -8.191336189254456723e-01
1.599680999999993691e+00 1.117544452614102735e+00 -8.183274857312685668e-01
1.604679999999993667e+00 1.113455658139872240e+00 -8.175166857021142208e-01
1.609678999999993643e+00 1.109370928755818664e+00 -8.167011055013663201e-01
1.614677999999993618e+00 1.105290288641234797e+00 -8.158806318271496494e-01
1.619676999999993594e+00 1.101213762541698671e+00 -8.150551514238205675e-01
1.624675999999993570e+00 1.097141375768812654e+00 -8.142245510940638864e-01
1.629674999999993545e+00 1.093073154199880381e+00 -8.133887177116019274e-01
1.634673999999993521e+00 1.089009124277518614e+00 -8.125475382345208608e-01
1.639672999999993497e+00 1.084949313009200944e+00 -8.117008997192209918e-01
1.644671999999993472e+00 1.080893747966729990e+00 -8.108486893349948765e-01
1.649670999999993448e+00 1.076842457285634991e+00 -8.099907943792390430e-01
1.654669999999993424e+00 1.072795469664493018e+00 -8.091271022933039792e-01
1.659668999999993400e+00 1.068752814364167358e+00 -8.082575006789870509e-01
1.664667999999993375e+00 1.064714521206963527e+00 -8.073818773156723472e-01
1.669666999999993351e+00 1.060680620575697120e+00 -8.065001201781222262e-01
1.674665999999993327e+00 1.056651143412671079e+00 -8.056121174549233377e-01
1.679664999999993302e+00 1.052626121218559474e+00 -8.047177575675914518e-01
1.684663999999993278e+00 1.048605586051194249e+00 -8.038169291903377589e-01
1.689662999999993254e+00 1.044589570524250721e+00 -8.029095212704993045e-01
1.694661999999993229e+00 1.040578107805830044e+00 -8.019954230496362246e-01
1.699660999999993205e+00 1.036571231616934208e+00 -8.010745240852981119e-01
1.704659999999993181e+00 1.032568976229830682e+00 -8.001467142734595139e-01
1.709658999999993156e+00 1.028571376466302922e+00 -7.992118838716281148e-01
1.714657999999993132e+00 1.024578467695784090e+00 -7.982699235226239365e-01
1.719656999999993108e+00 1.020590285833370192e+00 -7.973207242790312232e-01
1.724655999999993083e+00 1.016606867337708664e+00 -7.963641776283220119e-01
1.729654999999993059e+00 1.012628249208760822e+00 -7.954001755186510536e-01
1.734653999999993035e+00 1.008654468985432429e+00 -7.944286103853196446e-01
1.739652999999993011e+00 1.004685564743071247e+00 -7.934493751779079229e-01
1.744651999999992986e+00 1.000721575090826931e+00 -7.924623633880716334e-01
1.749650999999992962e+00 9.967625391688703651e-01 -7.914674690780010291e-01
1.754649999999992938e+00 9.928084966454687743e-01 -7.904645869095374699e-01
1.759648999999992913e+00 9.888594877139142980e-01 -7.894536121739440526e-01
1.764647999999992889e+00 9.849155530893015653e-01 -7.884344408223238343e-01
1.769646999999992865e+00 9.809767340051517293e-01 -7.874069694966809863e-01
1.774645999999992840e+00 9.770430722098798482e-01 -7.863710955616174392e-01
1.779644999999992816e+00 9.731146099631019508e-01 -7.853267171366582478e-01
1.784643999999992792e+00 9.691913900317791208e-01 -7.842737331291964598e-01
1.789642999999992767e+00 9.652734556861954918e-01 -7.832120432680499400e-01
1.794641999999992743e+00 9.613608506957663780e-01 -7.821415481376193801e-01
1.799640999999992719e+00 9.574536193246752092e-01 -7.810621492126367249e-01
1.804639999999992694e+00 9.535518063273341616e-01 -7.799737488934940233e-01
1.809638999999992670e+00 9.496554569436674864e-01 -7.788762505421379378e-01
1.814637999999992646e+00 9.457646168942140941e-01 -7.777695585185192551e-01
1.819636999999992621e+00 9.418793323750458413e-01 -7.766535782175811864e-01
1.824635999999992597e+00 9.379996500525003000e-01 -7.755282161067726943e-01
1.829634999999992573e+00 9.341256170577244555e-01 -7.743933797640700778e-01
1.834633999999992549e+00 9.302572809810272236e-01 -7.732489779164903876e-01
1.839632999999992524e+00 9.263946898660379015e-01 -7.720949204790780174e-01
1.844631999999992500e+00 9.225378922036688856e-01 -7.709311185943464872e-01
1.849630999999992476e+00 9.186869369258803264e-01 -7.697574846721543240e-01
1.854629999999992451e+00 9.148418733992437213e-01 -7.685739324299956099e-01
1.859628999999992427e+00 9.110027514183037800e-01 -7.673803769336814407e-01
1.864627999999992403e+00 9.071696211987356762e-01 -7.661767346383913102e-01
1.869626999999992378e+00 9.033425333702963522e-01 -7.649629234300683311e-01
1.874625999999992354e+00 8.995215389695677688e-01 -7.637388626671353098e-01
1.879624999999992330e+00 8.957066894324913209e-01 -7.625044732225043642e-01
1.884623999999992305e+00 8.918980365866912008e-01 -7.612596775258529957e-01
1.889622999999992281e+00 8.880956326435859305e-01 -7.600043996061393026e-01
1.894621999999992257e+00 8.842995301902870642e-01 -7.587385651343268034e-01
1.899620999999992232e+00 8.805097821812833958e-01 -7.574621014662882290e-01
1.904619999999992208e+00 8.767264419299105604e-01 -7.561749376858578620e-01
1.909618999999992184e+00 8.729495630996052524e-01 -7.548770046480001161e-01
1.914617999999992159e+00 8.691791996949432830e-01 -7.535682350220604953e-01
1.919616999999992135e+00 8.654154060524610337e-01 -7.522485633350661782e-01
1.924615999999992111e+00 8.616582368312607487e-01 -7.509179260150393720e-01
1.929614999999992087e+00 8.579077470033994457e-01 -7.495762614342892372e-01
1.934613999999992062e+00 8.541639918440608881e-01 -7.482235099526435285e-01
1.939612999999992038e+00 8.504270269215127298e-01 -7.468596139605839790e-01
1.944611999999992014e+00 8.466969080868470554e-01 -7.454845179222454599e-01
1.949610999999991989e+00 8.429736914635076461e-01 -7.440981684182391698e-01
1.954609999999991965e+00 8.392574334366027511e-01 -7.427005141882609962e-01
1.959608999999991941e+00 8.355481906420060279e-01 -7.412915061734416389e-01
1.964607999999991916e+00 8.318460199552462075e-01 -7.398710975583990823e-01
1.969606999999991892e+00 8.281509784801877050e-01 -7.384392438129482317e-01
1.974605999999991868e+00 8.244631235375031730e-01 -7.369959027334267443e-01
1.979604999999991843e+00 8.207825126529409987e-01 -7.355410344835916492e-01
1.984603999999991819e+00 8.171092035453892954e-01 -7.340746016350425673e-01
1.989602999999991795e+00 8.134432541147390561e-01 -7.325965692071274571e-01
1.994601999999991770e+00 8.097847224295494639e-01 -7.311069047062839221e-01
1.999600999999991746e+00 8.061336667145175827e-01 -7.296055781647714511e-01
2.004599999999991944e+00 8.024901453377565330e-01 -7.280925621787478486e-01
2.009598999999992142e+00 7.988542167978848196e-01 -7.265678319456430057e-01
2.014597999999992339e+00 7.952259397109305850e-01 -7.250313653007840475e-01
2.019596999999992537e+00 7.916053727970550069e-01 -7.234831427532242287e-01
2.024595999999992735e+00 7.879925748670983943e-01 -7.219231475207283921e-01
2.029594999999992933e+00 7.843876048089539754e-01 -7.203513655638688062e-01
2.034593999999993130e+00 7.807905215737729332e-01 -7.187677856191829751e-01
2.039592999999993328e+00 7.772013841620070140e-01 -7.171723992313477902e-01
2.044591999999993526e+00 7.736202516092918202e-01 -7.155652007843221751e-01
2.049590999999993723e+00 7.700471829721781125e-01 -7.139461875314120354e-01
2.054589999999993921e+00 7.664822373137148981e-01 -7.123153596242116636e-01
2.059588999999994119e+00 7.629254736888908539e-01 -7.106727201403748584e-01
2.064587999999994317e+00 7.593769511299403030e-01 -7.090182751101713476e-01
2.069586999999994514e+00 7.558367286315191835e-01 -7.073520335417834426e-01
2.074585999999994712e+00 7.523048651357581162e-01 -7.056740074452979572e-01
2.079584999999994910e+00 7.487814195171984544e-01 -7.039842118553516492e-01
2.084583999999995108e+00 7.452664505676189766e-01 -7.022826648523859960e-01
2.089582999999995305e+00 7.417600169807597732e-01 -7.005693875824705597e-01
2.094581999999995503e+00 7.382621773369506535e-01 -6.988444042756537522e-01
2.099580999999995701e+00 7.347729900876517339e-01 -6.971077422628014775e-01
2.104579999999995898e+00 7.312925135399133136e-01 -6.953594319908851240e-01
2.109578999999996096e+00 7.278208058407636960e-01 -6.935995070366820503e-01
2.114577999999996294e+00 7.243579249615325066e-01 -6.918280041188513696e-01
2.119576999999996492e+00 7.209039286821176118e-01 -6.900449631083520607e-01
2.124575999999996689e+00 7.174588745752041863e-01 -6.882504270371689881e-01
2.129574999999996887e+00 7.140228199904447015e-01 -6.864444421053156331e-01
2.134573999999997085e+00 7.105958220386078272e-01 -6.846270576860840062e-01
2.139572999999997283e+00 7.071779375757060171e-01 -6.827983263295130945e-01
2.144571999999997480e+00 7.037692231871098825e-01 -6.809583037640491998e-01
2.149570999999997678e+00 7.003697351716591246e-01 -6.791070488963738550e-01
2.154569999999997876e+00 6.969795295257789070e-01 -6.772446238093766668e-01
2.159568999999998073e+00 6.935986619276106602e-01 -6.753710937582522167e-01
2.164567999999998271e+00 6.902271877211676454e-01 -6.734865271647018092e-01
2.169566999999998469e+00 6.868651619005240461e-01 -6.715909956092245281e-01
2.174565999999998667e+00 6.835126390940472474e-01 -6.696845738214822763e-01
2.179564999999998864e+00 6.801696735486836287e-01 -6.677673396687270335e-01
2.184563999999999062e+00 6.768363191143064173e-01 -6.658393741422798939e-01
2.189562999999999260e+00 6.735126292281364835e-01 -6.639007613420550014e-01
2.194561999999999458e+00 6.701986568992451820e-01 -6.619515884591218313e-01
2.199560999999999655e+00 6.668944546931493411e-01 -6.599919457563045988e-01
2.204559999999999853e+00 6.636000747165081703e-01 -6.580219265468162382e-01
2.209559000000000051e+00 6.603155686019319681e-01 -6.560416271709307301e-01
2.214558000000000249e+00 6.570409874929119542e-01 -6.540511469706966619e-01
2.219557000000000446e+00 6.537763820288819971e-01 -6.520505882627000149e-01
2.224556000000000644e+00 6.505218023304208952e-01 -6.500400563088847283e-01
2.229555000000000842e+00 6.472772979846053154e-01 -6.480196592854434723e-01
2.234554000000001039e+00 6.440429180305233814e-01 -6.459895082497920660e-01
2.239553000000001237e+00 6.408187109449580143e-01 -6.439497171056460800e-01
2.244552000000001435e+00 6.376047246282493530e-01 -6.419004025662170543e-01
2.249551000000001633e+00 6.344010063903460228e-01 -6.398416841155510904e-01
2.254550000000001830e+00 6.312076029370542463e-01 -6.377736839680347991e-01
2.259549000000002028e+00 6.280245603564936774e-01 -6.356965270260938050e-01
2.264548000000002226e+00 6.248519241057693963e-01 -6.336103408361140055e-01
2.269547000000002424e+00 6.216897389978687238e-01 -6.315152555426172265e-01
2.274546000000002621e+00 6.185380491887909615e-01 -6.294114038407242484e-01
2.279545000000002819e+00 6.153968981649197145e-01 -6.272989209269423938e-01
2.284544000000003017e+00 6.122663287306444602e-01 -6.251779444483149817e-01
2.289543000000003214e+00 6.091463829962407983e-01 -6.230486144499746137e-01
2.294542000000003412e+00 6.060371023660171552e-01 -6.209110733211417044e-01
2.299541000000003610e+00 6.029385275267341582e-01 -6.187654657396139957e-01
2.304540000000003808e+00 5.998506984363064509e-01 -6.166119386147931314e-01
2.309539000000004005e+00 5.967736543127918347e-01 -6.144506410292976950e-01
2.314538000000004203e+00 5.937074336236765060e-01 -6.122817241792125609e-01
2.319537000000004401e+00 5.906520740754616083e-01 -6.101053413130279601e-01
2.324536000000004599e+00 5.876076126035587599e-01 -6.079216476693211080e-01
2.329535000000004796e+00 5.845740853624995514e-01 -6.057308004132365697e-01
2.334534000000004994e+00 5.815515277164663432e-01 -6.035329585718229861e-01
2.339533000000005192e+00 5.785399742301479131e-01 -6.013282829682837782e-01
2.344532000000005389e+00 5.755394586599272833e-01 -5.991169361552022288e-01
2.349531000000005587e+00 5.725500139454056114e-01 -5.968990823468018903e-01
2.354530000000005785e+00 5.695716722012664768e-01 -5.946748873503048261e-01
2.359529000000005983e+00 5.666044647094859998e-01 -5.924445184964505229e-01
2.364528000000006180e+00 5.636484219118922390e-01 -5.902081445692389794e-01
2.369527000000006378e+00 5.607035734030773044e-01 -5.879659357349646953e-01
2.374526000000006576e+00 5.577699479236658542e-01 -5.857180634706048439e-01
2.379525000000006774e+00 5.548475733539433019e-01 -5.834647004916295732e-01
2.384524000000006971e+00 5.519364767078464018e-01 -5.812060206792999395e-01
2.389523000000007169e+00 5.490366841273175424e-01 -5.789421990075213076e-01
2.394522000000007367e+00 5.461482208770268576e-01 -5.766734114693181645e-01
2.399521000000007565e+00 5.432711113394615987e-01 -5.743998350029991817e-01
2.404520000000007762e+00 5.404053790103860999e-01 -5.721216474180786937e-01
2.409519000000007960e+00 5.375510464946717804e-01 -5.698390273210223178e-01
2.414518000000008158e+00 5.347081355024994043e-01 -5.675521540408837717e-01
2.419517000000008355e+00 5.318766668459327107e-01 -5.652612075548995030e-01
2.424516000000008553e+00 5.290566604358638569e-01 -5.629663684141074098e-01
2.429515000000008751e+00 5.262481352793311196e-01 -5.606678176690557125e-01
2.434514000000008949e+00 5.234511094772068551e-01 -5.583657367956670337e-01
2.439513000000009146e+00 5.206656002222560531e-01 -5.560603076213215257e-01
2.444512000000009344e+00 5.178916237975638159e-01 -5.537517122512243262e-01
2.449511000000009542e+00 5.151291955753294349e-01 -5.514401329951179598e-01
2.454510000000009740e+00 5.123783300160265064e-01 -5.491257522944033020e-01
2.459509000000009937e+00 5.096390406679259799e-01 -5.468087526497282802e-01
2.464508000000010135e+00 5.069113401669796959e-01 -5.444893165491049292e-01
2.469507000000010333e+00 5.041952402370623032e-01 -5.421676263966123122e-01
2.474506000000010530e+00 5.014907516905674489e-01 -5.398438644417423715e-01
2.479505000000010728e+00 4.987978844293558534e-01 -5.375182127094443318e-01
2.484504000000010926e+00 4.961166474460510512e-01 -5.351908529309211682e-01
2.489503000000011124e+00 4.934470488256791909e-01 -5.328619664752313190e-01
2.494502000000011321e+00 4.907890957476485072e-01 -5.305317342817459370e-01
2.499501000000011519e+00 4.881427944880643022e-01 -5.282003367935107496e-01
2.504500000000011717e+00 4.855081504223747735e-01 -5.258679538915608243e-01
2.509499000000011915e+00 4.828851680283424153e-01 -5.235347648302325352e-01
2.514498000000012112e+00 4.802738508893366065e-01 -5.212009481735182526e-01
2.519497000000012310e+00 4.776742016979413363e-01 -5.188666817325041647e-01
2.524496000000012508e+00 4.750862222598731255e-01 -5.165321425039328673e-01
2.529495000000012705e+00 4.725099134982029270e-01 -5.141975066099274683e-01
2.534494000000012903e+00 4.699452754578766767e-01 -5.118629492389149549e-01
2.539493000000013101e+00 4.673923073105279435e-01 -5.095286445877820203e-01
2.544492000000013299e+00 4.648510073595764069e-01 -5.071947658052962105e-01
2.549491000000013496e+00 4.623213730456063875e-01 -5.048614849368223689e-01
2.554490000000013694e+00 4.598034009520179377e-01 -5.025289728703631331e-01
2.559489000000013892e+00 4.572970868109447196e-01 -5.001973992839495731e-01
2.564488000000014090e+00 4.548024255094312851e-01 -4.978669325944058421e-01
2.569487000000014287e+00 4.523194110958629333e-01 -4.955377399075109879e-01
2.574486000000014485e+00 4.498480367866413143e-01 -4.932099869695772965e-01
2.579485000000014683e+00 4.473882949730983993e-01 -4.908838381204640444e-01
2.584484000000014881e+00 4.449401772286417645e-01 -4.885594562480423675e-01
2.589483000000015078e+00 4.425036743161238628e-01 -4.862370027441262899e-01
2.594482000000015276e+00 4.400787761954279564e-01 -4.839166374618815158e-01
2.599481000000015474e+00 4.376654720312630475e-01 -4.815985186747229752e-01
2.604480000000015671e+00 4.352637502011607595e-01 -4.792828030367093373e-01
2.609479000000015869e+00 4.328735983036662849e-01 -4.769696455444411565e-01
2.614478000000016067e+00 4.304950031667162391e-01 -4.746591995004679210e-01
2.619477000000016265e+00 4.281279508561953717e-01 -4.723516164782063376e-01
2.624476000000016462e+00 4.257724266846651950e-01 -4.700470462883717948e-01
2.629475000000016660e+00 4.234284152202563711e-01 -4.677456369469220610e-01
2.634474000000016858e+00 4.210959002957177510e-01 -4.654475346445115513e-01
2.639473000000017056e+00 4.187748650176142395e-01 -4.631528837174519464e-01
2.644472000000017253e+00 4.164652917756661021e-01 -4.608618266201739977e-01
2.649471000000017451e+00 4.141671622522222762e-01 -4.585745038991839717e-01
2.654470000000017649e+00 4.118804574318599698e-01 -4.562910541685056831e-01
2.659469000000017846e+00 4.096051576111035541e-01 -4.540116140865989580e-01
2.664468000000018044e+00 4.073412424082549776e-01 -4.517363183347427591e-01
2.669467000000018242e+00 4.050886907733287634e-01 -4.494652995968708709e-01
2.674466000000018440e+00 4.028474809980841509e-01 -4.471986885408460455e-01
2.679465000000018637e+00 4.006175907261471658e-01 -4.449366138011576211e-01
2.684464000000018835e+00 3.983989969632159012e-01 -4.426792019630265140e-01
2.689463000000019033e+00 3.961916760873415710e-01 -4.404265775478998779e-01
2.694462000000019231e+00 3.939956038592786758e-01 -4.381788630003174978e-01
2.699461000000019428e+00 3.918107554328975062e-01 -4.359361786761301594e-01
2.704460000000019626e+00 3.896371053656522143e-01 -4.336986428320495079e-01
2.709459000000019824e+00 3.874746276290977898e-01 -4.314663716165086926e-01
2.714458000000020022e+00 3.853232956194493353e-01 -4.292394790618109801e-01
2.719457000000020219e+00 3.831830821681778687e-01 -4.270180770775440227e-01
2.724456000000020417e+00 3.810539595526353795e-01 -4.248022754452359107e-01
2.729455000000020615e+00 3.789358995067039770e-01 -4.225921818142284736e-01
2.734454000000020812e+00 3.768288732314624689e-01 -4.203879016987435158e-01
2.739453000000021010e+00 3.747328514058646531e-01 -4.181895384761158407e-01
2.744452000000021208e+00 3.726478041974238264e-01 -4.159971933861675297e-01
2.749451000000021406e+00 3.705737012728972934e-01 -4.138109655316968283e-01
2.754450000000021603e+00 3.685105118089658793e-01 -4.116309518800546630e-01
2.759449000000021801e+00 3.664582045029028956e-01 -4.094572472657816431e-01
2.764448000000021999e+00 3.644167475832273406e-01 -4.072899443942779585e-01
2.769447000000022197e+00 3.623861088203361724e-01 -4.051291338464785285e-01
2.774446000000022394e+00 3.603662555371107690e-01 -4.029749040845047592e-01
2.779445000000022592e+00 3.583571546194927460e-01 -4.008273414582653182e-01
2.784444000000022790e+00 3.563587725270245810e-01 -3.986865302129771749e-01
2.789443000000022987e+00 3.543710753033502137e-01 -3.965525524975783700e-01
2.794442000000023185e+00 3.523940285866715705e-01 -3.944254883740043183e-01
2.799441000000023383e+00 3.504275976201565168e-01 -3.923054158272986647e-01
2.804440000000023581e+00 3.484717472622942958e-01 -3.901924107765303851e-01
2.809439000000023778e+00 3.465264419971944565e-01 -3.880865470864888200e-01
2.814438000000023976e+00 3.445916459448253311e-01 -3.859878965801276651e-01
2.819437000000024174e+00 3.426673228711886177e-01 -3.838965290517303841e-01
2.824436000000024372e+00 3.407534361984263516e-01 -3.818125122807684568e-01
2.829435000000024569e+00 3.388499490148568771e-01 -3.797359120464245952e-01
2.834434000000024767e+00 3.369568240849366569e-01 -3.776667921427533381e-01
2.839433000000024965e+00 3.350740238591447540e-01 -3.756052143944514921e-01
2.844432000000025162e+00 3.332015104837871555e-01 -3.735512386732113277e-01
2.849431000000025360e+00 3.313392458107175531e-01 -3.715049229146294429e-01
2.854430000000025558e+00 3.294871914069726904e-01 -3.694663231356447586e-01
2.859429000000025756e+00 3.276453085643191154e-01 -3.674354934524795002e-01
2.864428000000025953e+00 3.258135583087088394e-01 -3.654124860990572432e-01
2.869427000000026151e+00 3.239919014096421801e-01 -3.633973514458724852e-01
2.874426000000026349e+00 3.221802983894348493e-01 -3.613901380192864332e-01
2.879425000000026547e+00 3.203787095323877288e-01 -3.593908925212245808e-01
2.884424000000026744e+00 3.185870948938572256e-01 -3.573996598492517607e-01
2.889423000000026942e+00 3.168054143092243757e-01 -3.554164831170006367e-01
2.894422000000027140e+00 3.150336274027608630e-01 -3.534414036749303767e-01
2.899421000000027338e+00 3.132716935963906768e-01 -3.514744611313924683e-01
2.904420000000027535e+00 3.115195721183456889e-01 -3.495156933739814176e-01
2.909419000000027733e+00 3.097772220117137043e-01 -3.475651365911481827e-01
2.914418000000027931e+00 3.080446021428779879e-01 -3.456228252940548029e-01
2.919417000000028128e+00 3.063216712098469907e-01 -3.436887923386493515e-01
2.924416000000028326e+00 3.046083877504731086e-01 -3.417630689479408401e-01
2.929415000000028524e+00 3.029047101505597528e-01 -3.398456847344537013e-01
2.934414000000028722e+00 3.012105966518555666e-01 -3.379366677228427540e-01
2.939413000000028919e+00 2.995260053599355654e-01 -3.360360443726496116e-01
2.944412000000029117e+00 2.978508942519677571e-01 -3.341438396011817136e-01
2.949411000000029315e+00 2.961852211843655769e-01 -3.322600768064967736e-01
2.954410000000029513e+00 2.945289439003248577e-01 -3.303847778904744903e-01
2.959409000000029710e+00 2.928820200372455052e-01 -3.285179632819591466e-01
2.964408000000029908e+00 2.912444071340370977e-01 -3.266596519599563875e-01
2.969407000000030106e+00 2.896160626383086356e-01 -3.248098614768685777e-01
2.974406000000030303e+00 2.879969439134421050e-01 -3.229686079817530864e-01
2.979405000000030501e+00 2.863870082455494681e-01 -3.211359062435890088e-01
2.984404000000030699e+00 2.847862128503136359e-01 -3.193117696745376710e-01
2.989403000000030897e+00 2.831945148797130885e-01 -3.174962103531832613e-01
2.994402000000031094e+00 2.816118714286303670e-01 -3.156892390477400445e-01
2.999401000000031292e+00 2.800382395413447689e-01 -3.138908652392137233e-01
3.004400000000031490e+00 2.784735762179092466e-01 -3.121010971445040139e-01
3.009399000000031688e+00 2.769178384204121213e-01 -3.103199417394369997e-01
3.014398000000031885e+00 2.753709830791238322e-01 -3.085474047817156618e-01
3.019397000000032083e+00 2.738329670985291120e-01 -3.067834908337776501e-01
3.024396000000032281e+00 2.723037473632451966e-01 -3.050282032855497483e-01
3.029395000000032478e+00 2.707832807438265710e-01 -3.032815443770891517e-01
3.034394000000032676e+00 2.692715241024569162e-01 -3.015435152211018988e-01
3.039393000000032874e+00 2.677684342985285348e-01 -2.998141158253290750e-01
3.044392000000033072e+00 2.662739681941106440e-01 -2.980933451147926294e-01
3.049391000000033269e+00 2.647880826593063675e-01 -2.963812009538916437e-01
3.054390000000033467e+00 2.633107345775000940e-01 -2.946776801683421709e-01
3.059389000000033665e+00 2.618418808504952011e-01 -2.929827785669520956e-01
3.064388000000033863e+00 2.603814784035435870e-01 -2.912964909632249078e-01
3.069387000000034060e+00 2.589294841902675115e-01 -2.896188111967848422e-01
3.074386000000034258e+00 2.574858551974749110e-01 -2.879497321546176658e-01
3.079385000000034456e+00 2.560505484498688533e-01 -2.862892457921206724e-01
3.084384000000034654e+00 2.546235210146525207e-01 -2.846373431539567789e-01
3.089383000000034851e+00 2.532047300060300543e-01 -2.829940143947067277e-01
3.094382000000035049e+00 2.517941325896049798e-01 -2.813592487993154534e-01
3.099381000000035247e+00 2.503916859866768263e-01 -2.797330348033269520e-01
3.104380000000035444e+00 2.489973474784372698e-01 -2.781153600129043224e-01
3.109379000000035642e+00 2.476110744100664396e-01 -2.765062112246303161e-01
3.114378000000035840e+00 2.462328241947310814e-01 -2.749055744450852323e-01
3.119377000000036038e+00 2.448625543174853258e-01 -2.733134349101985494e-01
3.124376000000036235e+00 2.435002223390752563e-01 -2.717297771043711840e-01
3.129375000000036433e+00 2.421457858996484414e-01 -2.701545847793657695e-01
3.134374000000036631e+00 2.407992027223697651e-01 -2.685878409729622884e-01
3.139373000000036829e+00 2.394604306169443864e-01 -2.670295280273767835e-01
3.144372000000037026e+00 2.381294274830494107e-01 -2.654796276074413153e-01
3.149371000000037224e+00 2.368061513136751339e-01 -2.639381207185429457e-01
3.154370000000037422e+00 2.354905601983772745e-01 -2.624049877243209150e-01
3.159369000000037619e+00 2.341826123264414139e-01 -2.608802083641198477e-01
3.164368000000037817e+00 2.328822659899606184e-01 -2.593637617701985421e-01
3.169367000000038015e+00 2.315894795868278788e-01 -2.578556264846934010e-01
3.174366000000038213e+00 2.303042116236441450e-01 -2.563557804763352266e-01
3.179365000000038410e+00 2.290264207185435663e-01 -2.548642011569195454e-01
3.184364000000038608e+00 2.277560656039369080e-01 -2.533808653975299641e-01
3.189363000000038806e+00 2.264931051291746433e-01 -2.519057495445142236e-01
3.194362000000039004e+00 2.252374982631305533e-01 -2.504388294352130062e-01
3.199361000000039201e+00 2.239892040967075282e-01 -2.489800804134422729e-01
3.204360000000039399e+00 2.227481818452665130e-01 -2.475294773447284657e-01
3.209359000000039597e+00 2.215143908509799031e-01 -2.460869946312980727e-01
3.214358000000039794e+00 2.202877905851106100e-01 -2.446526062268215562e-01
3.219357000000039992e+00 2.190683406502180741e-01 -2.432262856509128657e-01
3.224356000000040190e+00 2.178560007822923361e-01 -2.418080060033849787e-01
3.229355000000040388e+00 2.166507308528175524e-01 -2.403977399782630253e-01
3.234354000000040585e+00 2.154524908707659836e-01 -2.389954598775558547e-01
3.239353000000040783e+00 2.142612409845237320e-01 -2.376011376247873230e-01
3.244352000000040981e+00 2.130769414837495046e-01 -2.362147447782887155e-01
3.249351000000041179e+00 2.118995528011674845e-01 -2.348362525442539428e-01
3.254350000000041376e+00 2.107290355142954763e-01 -2.334656317895588140e-01
3.259349000000041574e+00 2.095653503471096579e-01 -2.321028530543462753e-01
3.264348000000041772e+00 2.084084581716469098e-01 -2.307478865643791677e-01
3.269347000000041970e+00 2.072583200095460265e-01 -2.294007022431625575e-01
3.274346000000042167e+00 2.061148970335288932e-01 -2.280612697238373343e-01
3.279345000000042365e+00 2.049781505688226813e-01 -2.267295583608471832e-01
3.284344000000042563e+00 2.038480420945245064e-01 -2.254055372413808767e-01
3.289343000000042760e+00 2.027245332449091331e-01 -2.240891751965921053e-01
3.294342000000042958e+00 2.016075858106814445e-01 -2.227804408125988733e-01
3.299341000000043156e+00 2.004971617401742623e-01 -2.214793024412647637e-01
3.304340000000043354e+00 1.993932231404929312e-01 -2.201857282107643199e-01
3.309339000000043551e+00 1.982957322786075283e-01 -2.188996860359347651e-01
3.314338000000043749e+00 1.972046515823939472e-01 -2.176211436284165579e-01
3.319337000000043947e+00 1.961199436416247444e-01 -2.163500685065849194e-01
3.324336000000044145e+00 1.950415712089109133e-01 -2.150864280052751654e-01
3.329335000000044342e+00 1.939694972005954476e-01 -2.138301892853037567e-01
3.334334000000044540e+00 1.929036846975999420e-01 -2.125813193427880388e-01
3.339333000000044738e+00 1.918440969462250345e-01 -2.113397850182668347e-01
3.344332000000044935e+00 1.907906973589057198e-01 -2.101055530056246123e-01
3.349331000000045133e+00 1.897434495149226685e-01 -2.088785898608216118e-01
3.354330000000045331e+00 1.887023171610701378e-01 -2.076588620104326544e-01
3.359329000000045529e+00 1.876672642122819701e-01 -2.064463357599971016e-01
3.364328000000045726e+00 1.866382547522160984e-01 -2.052409773021825756e-01
3.369327000000045924e+00 1.856152530337987216e-01 -2.040427527247649919e-01
3.374326000000046122e+00 1.845982234797291788e-01 -2.028516280184276266e-01
3.379325000000046320e+00 1.835871306829461869e-01 -2.016675690843817148e-01
3.384324000000046517e+00 1.825819394070563317e-01 -2.004905417418110791e-01
3.389323000000046715e+00 1.815826145867259767e-01 -1.993205117351437849e-01
3.394322000000046913e+00 1.805891213280371443e-01 -1.981574447411529327e-01
3.399321000000047110e+00 1.796014249088082604e-01 -1.970013063758896121e-01
3.404320000000047308e+00 1.786194907788807573e-01 -1.958520622014502666e-01
3.409319000000047506e+00 1.776432845603722332e-01 -1.947096777325813821e-01
3.414318000000047704e+00 1.766727720478969421e-01 -1.935741184431238049e-01
3.419317000000047901e+00 1.757079192087545594e-01 -1.924453497722994344e-01
3.424316000000048099e+00 1.747486921830877782e-01 -1.913233371308428743e-01
3.429315000000048297e+00 1.737950572840097629e-01 -1.902080459069803164e-01
3.434314000000048495e+00 1.728469809977020433e-01 -1.890994414722586281e-01
3.439313000000048692e+00 1.719044299834835698e-01 -1.879974891872267795e-01
3.444312000000048890e+00 1.709673710738518759e-01 -1.869021544069722762e-01
3.449311000000049088e+00 1.700357712744967886e-01 -1.858134024865152056e-01
3.454310000000049286e+00 1.691095977642875503e-01 -1.847311987860620619e-01
3.459309000000049483e+00 1.681888178952341273e-01 -1.836555086761220701e-01
3.464308000000049681e+00 1.672733991924231500e-01 -1.825862975424884238e-01
3.469307000000049879e+00 1.663633093539293450e-01 -1.815235307910865736e-01
3.474306000000050076e+00 1.654585162507029861e-01 -1.804671738526923419e-01
3.479305000000050274e+00 1.645589879264342803e-01 -1.794171921875219733e-01
3.484304000000050472e+00 1.636646925973948286e-01 -1.783735512896965636e-01
3.489303000000050670e+00 1.627755986522573806e-01 -1.773362166915831151e-01
3.494302000000050867e+00 1.618916746518939132e-01 -1.763051539680146329e-01
3.499301000000051065e+00 1.610128893291531138e-01 -1.752803287403913723e-01
3.504300000000051263e+00 1.601392115886176026e-01 -1.742617066806657622e-01
3.509299000000051461e+00 1.592706105063414201e-01 -1.732492535152128921e-01
3.514298000000051658e+00 1.584070553295686135e-01 -1.722429350285889782e-01
3.519297000000051856e+00 1.575485154764331985e-01 -1.712427170671799448e-01
3.524296000000052054e+00 1.566949605356411090e-01 -1.702485655427422584e-01
3.529295000000052251e+00 1.558463602661349090e-01 -1.692604464358380967e-01
3.534294000000052449e+00 1.550026845967413247e-01 -1.682783257991670167e-01
3.539293000000052647e+00 1.541639036258026507e-01 -1.673021697607960656e-01
3.544292000000052845e+00 1.533299876207919743e-01 -1.663319445272906372e-01
3.549291000000053042e+00 1.525009070179132731e-01 -1.653676163867477400e-01
3.554290000000053240e+00 1.516766324216864137e-01 -1.644091517117338974e-01
3.559289000000053438e+00 1.508571346045176620e-01 -1.634565169621296221e-01
3.564288000000053636e+00 1.500423845062563988e-01 -1.625096786878822697e-01
3.569287000000053833e+00 1.492323532337380965e-01 -1.615686035316693525e-01
3.574286000000054031e+00 1.484270120603143617e-01 -1.606332582314739521e-01
3.579285000000054229e+00 1.476263324253701825e-01 -1.597036096230744218e-01
3.584284000000054426e+00 1.468302859338290189e-01 -1.587796246424498237e-01
3.589283000000054624e+00 1.460388443556460414e-01 -1.578612703281031260e-01
3.594282000000054822e+00 1.452519796252900453e-01 -1.569485138233039645e-01
3.599281000000055020e+00 1.444696638412142353e-01 -1.560413223782524395e-01
3.604280000000055217e+00 1.436918692653163798e-01 -1.551396633521659740e-01
3.609279000000055415e+00 1.429185683223888614e-01 -1.542435042152907887e-01
3.614278000000055613e+00 1.421497335995587086e-01 -1.533528125508395457e-01
3.619277000000055811e+00 1.413853378457182453e-01 -1.524675560568569122e-01
3.624276000000056008e+00 1.406253539709464984e-01 -1.515877025480147633e-01
3.629275000000056206e+00 1.398697550459217787e-01 -1.507132199573382458e-01
3.634274000000056404e+00 1.391185143013259351e-01 -1.498440763378646734e-01
3.639273000000056602e+00 1.383716051272403935e-01 -1.489802398642364745e-01
3.644272000000056799e+00 1.376290010725343960e-01 -1.481216788342297752e-01
3.649271000000056997e+00 1.368906758442457461e-01 -1.472683616702202547e-01
3.654270000000057195e+00 1.361566033069544490e-01 -1.464202569205874105e-01
3.659269000000057392e+00 1.354267574821493569e-01 -1.455773332610589832e-01
3.664268000000057590e+00 1.347011125475883753e-01 -1.447395594959966225e-01
3.669267000000057788e+00 1.339796428366523129e-01 -1.439069045596244878e-01
3.674266000000057986e+00 1.332623228376927926e-01 -1.430793375172018933e-01
3.679265000000058183e+00 1.325491271933742776e-01 -1.422568275661414139e-01
3.684264000000058381e+00 1.318400307000108518e-01 -1.414393440370737276e-01
3.689263000000058579e+00 1.311350083068976713e-01 -1.406268563948604999e-01
3.694262000000058777e+00 1.304340351156375311e-01 -1.398193342395565308e-01
3.699261000000058974e+00 1.297370863794627405e-01 -1.390167473073225246e-01
3.704260000000059172e+00 1.290441375025524751e-01 -1.382190654712893430e-01
3.709259000000059370e+00 1.283551640393461313e-01 -1.374262587423754067e-01
3.714258000000059567e+00 1.276701416938524625e-01 -1.366382972700579956e-01
3.719257000000059765e+00 1.269890463189551622e-01 -1.358551513430998059e-01
3.724256000000059963e+00 1.263118539157148112e-01 -1.350767913902318762e-01
3.729255000000060161e+00 1.256385406326675502e-01 -1.343031879807938533e-01
3.734254000000060358e+00 1.249690827651207259e-01 -1.335343118253327355e-01
3.739253000000060556e+00 1.243034567544455266e-01 -1.327701337761612588e-01
3.744252000000060754e+00 1.236416391873669668e-01 -1.320106248278767880e-01
3.749251000000060952e+00 1.229836067952514572e-01 -1.312557561178417931e-01
3.754250000000061149e+00 1.223293364533919458e-01 -1.305054989266269672e-01
3.759249000000061347e+00 1.216788051802910053e-01 -1.297598246784178455e-01
3.764248000000061545e+00 1.210319901369419637e-01 -1.290187049413859255e-01
3.769247000000061742e+00 1.203888686261082447e-01 -1.282821114280253139e-01
3.774246000000061940e+00 1.197494180916011536e-01 -1.275500159954556234e-01
3.779245000000062138e+00 1.191136161175562064e-01 -1.268223906456921735e-01
3.784244000000062336e+00 1.184814404277081540e-01 -1.260992075258843270e-01
3.789243000000062533e+00 1.178528688846649519e-01 -1.253804389285228804e-01
3.794242000000062731e+00 1.172278794891807308e-01 -1.246660572916171023e-01
3.799241000000062929e+00 1.166064503794280033e-01 -1.239560351988426429e-01
3.804240000000063127e+00 1.159885598302691084e-01 -1.232503453796607445e-01
3.809239000000063324e+00 1.153741862525272388e-01 -1.225489607094098488e-01
3.814238000000063522e+00 1.147633081922569964e-01 -1.218518542093700863e-01
3.819237000000063720e+00 1.141559043300147541e-01 -1.211589990468016631e-01
3.824236000000063918e+00 1.135519534801288366e-01 -1.204703685349577391e-01
3.829235000000064115e+00 1.129514345899697153e-01 -1.197859361330725347e-01
3.834234000000064313e+00 1.123543267392203560e-01 -1.191056754463254291e-01
3.839233000000064511e+00 1.117606091391467465e-01 -1.184295602257816882e-01
3.844232000000064708e+00 1.111702611318688416e-01 -1.177575643683105439e-01
3.849231000000064906e+00 1.105832621896319090e-01 -1.170896619164812913e-01
3.854230000000065104e+00 1.099995919140784872e-01 -1.164258270584379584e-01
3.859229000000065302e+00 1.094192300355210229e-01 -1.157660341277533672e-01
3.864228000000065499e+00 1.088421564122152851e-01 -1.151102576032629887e-01
3.869227000000065697e+00 1.082683510296346407e-01 -1.144584721088793833e-01
3.874226000000065895e+00 1.076977939997453004e-01 -1.138106524133877528e-01
3.879225000000066093e+00 1.071304655602826894e-01 -1.131667734302230915e-01
3.884224000000066290e+00 1.065663460740289142e-01 -1.125268102172296975e-01
3.889223000000066488e+00 1.060054160280914787e-01 -1.118907379764034343e-01
3.894222000000066686e+00 1.054476560331834012e-01 -1.112585320536173678e-01
3.899221000000066883e+00 1.048930468229046509e-01 -1.106301679383312614e-01
3.904220000000067081e+00 1.043415692530251099e-01 -1.100056212632854746e-01
3.909219000000067279e+00 1.037932043007691457e-01 -1.093848678041797889e-01
3.914218000000067477e+00 1.032479330641017795e-01 -1.087678834793376209e-01
3.919217000000067674e+00 1.027057367610165473e-01 -1.081546443493561216e-01
3.924216000000067872e+00 1.021665967288252069e-01 -1.075451266167426062e-01
3.929215000000068070e+00 1.016304944234492774e-01 -1.069393066255378416e-01
3.934214000000068268e+00 1.010974114187134509e-01 -1.063371608609265662e-01
3.939213000000068465e+00 1.005673294056410316e-01 -1.057386659488357278e-01
3.944212000000068663e+00 1.000402301917513864e-01 -1.051437986555208426e-01
3.949211000000068861e+00 9.951609570035949148e-02 -1.045525358871409322e-01
3.954210000000069059e+00 9.899490796987765739e-02 -1.039648546893224140e-01
3.959209000000069256e+00 9.847664915311946099e-02 -1.033807322467123341e-01
3.964208000000069454e+00 9.796130151660585594e-02 -1.028001458825213710e-01
3.969207000000069652e+00 9.744884743987372588e-02 -1.022230730580569596e-01
3.974206000000069849e+00 9.693926941478669956e-02 -1.016494913722469223e-01
3.979205000000070047e+00 9.643255004484836690e-02 -1.010793785611539819e-01
3.984204000000070245e+00 9.592867204451802077e-02 -1.005127124974814351e-01
3.989203000000070443e+00 9.542761823852881353e-02 -9.994947119007048519e-02
3.994202000000070640e+00 9.492937156120848097e-02 -9.938963278338938667e-02
3.999201000000070838e+00 9.443391505580264744e-02 -9.883317555701484625e-02
4.004200000000071036e+00 9.394123187380072626e-02 -9.828007792510597140e-02
4.009199000000070789e+00 9.345130527426447065e-02 -9.773031843587112744e-02
4.014198000000070543e+00 9.296411862315920316e-02 -9.718387577102782782e-02
4.019197000000070297e+00 9.247965539268777901e-02 -9.664072874525626855e-02
4.024196000000070050e+00 9.199789916062726947e-02 -9.610085630564640935e-02
4.029195000000069804e+00 9.151883360966844849e-02 -9.556423753113928166e-02
4.034194000000069558e+00 9.104244252675806892e-02 -9.503085163196244023e-02
4.039193000000069311e+00 9.056870980244401126e-02 -9.450067794906008567e-02
4.044192000000069065e+00 9.009761943022322195e-02 -9.397369595351799665e-02
4.049191000000068819e+00 8.962915550589262148e-02 -9.344988524598354940e-02
4.054190000000068572e+00 8.916330222690288521e-02 -9.292922555608104651e-02
4.059189000000068326e+00 8.870004389171512460e-02 -9.241169674182267424e-02
4.064188000000068079e+00 8.823936489916058001e-02 -9.189727878901524094e-02
4.069187000000067833e+00 8.778124974780326939e-02 -9.138595181066294648e-02
4.074186000000067587e+00 8.732568303530562071e-02 -9.087769604636647403e-02
4.079185000000067340e+00 8.687264945779712977e-02 -9.037249186171847359e-02
4.084184000000067094e+00 8.642213380924604338e-02 -8.987031974769579823e-02
4.089183000000066848e+00 8.597412098083409560e-02 -8.937116032004865929e-02
4.094182000000066601e+00 8.552859596033428324e-02 -8.887499431868681188e-02
4.099181000000066355e+00 8.508554383149173617e-02 -8.838180260706307578e-02
4.104180000000066109e+00 8.464494977340768223e-02 -8.789156617155433060e-02
4.109179000000065862e+00 8.420679905992650705e-02 -8.740426612084020719e-02
4.114178000000065616e+00 8.377107705902589463e-02 -8.691988368527955866e-02
4.119177000000065370e+00 8.333776923221013211e-02 -8.643840021628501624e-02
4.124176000000065123e+00 8.290686113390653700e-02 -8.595979718569569938e-02
4.129175000000064877e+00 8.247833841086499307e-02 -8.548405618514830218e-02
4.134174000000064630e+00 8.205218680156069200e-02 -8.501115892544666708e-02
4.139173000000064384e+00 8.162839213559994200e-02 -8.454108723593006802e-02
4.144172000000064138e+00 8.120694033312925164e-02 -8.407382306384028614e-02
4.149171000000063891e+00 8.078781740424748059e-02 -8.360934847368767242e-02
4.154170000000063645e+00 8.037100944842121009e-02 -8.314764564661632218e-02
4.159169000000063399e+00 7.995650265390329137e-02 -8.268869687976850014e-02
4.164168000000063152e+00 7.954428329715451662e-02 -8.223248458564844099e-02
4.169167000000062906e+00 7.913433774226859285e-02 -8.177899129148566426e-02
4.174166000000062660e+00 7.872665244040014110e-02 -8.132819963859798384e-02
4.179165000000062413e+00 7.832121392919601244e-02 -8.088009238175422611e-02
4.184164000000062167e+00 7.791800883222971263e-02 -8.043465238853687860e-02
4.189163000000061921e+00 7.751702385843908805e-02 -7.999186263870471103e-02
4.194162000000061674e+00 7.711824580156707853e-02 -7.955170622355552112e-02
4.199161000000061428e+00 7.672166153960577328e-02 -7.911416634528915803e-02
4.204160000000061181e+00 7.632725803424358912e-02 -7.867922631637078168e-02
4.209159000000060935e+00 7.593502233031564075e-02 -7.824686955889467721e-02
4.214158000000060689e+00 7.554494155525731669e-02 -7.781707960394851353e-02
4.219157000000060442e+00 7.515700291856097781e-02 -7.738984009097824024e-02
4.224156000000060196e+00 7.477119371123588931e-02 -7.696513476715376167e-02
4.229155000000059950e+00 7.438750130527126136e-02 -7.654294748673542981e-02
4.234154000000059703e+00 7.400591315310250939e-02 -7.612326221044135588e-02
4.239153000000059457e+00 7.362641678708065074e-02 -7.570606300481580453e-02
4.244152000000059211e+00 7.324899981894482381e-02 -7.529133404159864262e-02
4.249151000000058964e+00 7.287364993929804080e-02 -7.487905959709588444e-02
4.254150000000058718e+00 7.250035491708600732e-02 -7.446922405155152747e-02
4.259149000000058471e+00 7.212910259907907851e-02 -7.406181188852067887e-02
4.264148000000058225e+00 7.175988090935740693e-02 -7.365680769424404195e-02
4.269147000000057979e+00 7.139267784879917145e-02 -7.325419615702384590e-02
4.274146000000057732e+00 7.102748149457191462e-02 -7.285396206660128826e-02
4.279145000000057486e+00 7.066427999962701656e-02 -7.245609031353561491e-02
4.284144000000057240e+00 7.030306159219723572e-02 -7.206056588858471279e-02
4.289143000000056993e+00 6.994381457529738610e-02 -7.166737388208754833e-02
4.294142000000056747e+00 6.958652732622805370e-02 -7.127649948334824348e-02
4.299141000000056501e+00 6.923118829608240765e-02 -7.088792798002206685e-02
4.304140000000056254e+00 6.887778600925606454e-02 -7.050164475750321513e-02
4.309139000000056008e+00 6.852630906296004742e-02 -7.011763529831455122e-02
4.314138000000055762e+00 6.817674612673672863e-02 -6.973588518149932691e-02
4.319137000000055515e+00 6.782908594197885332e-02 -6.935638008201490401e-02
4.324136000000055269e+00 6.748331732145158857e-02 -6.897910577012852928e-02
4.329135000000055022e+00 6.713942914881754209e-02 -6.860404811081530219e-02
4.334134000000054776e+00 6.679741037816486204e-02 -6.823119306315815480e-02
4.339133000000054530e+00 6.645725003353825100e-02 -6.786052667975019104e-02
4.344132000000054283e+00 6.611893720847301925e-02 -6.749203510609913526e-02
4.349131000000054037e+00 6.578246106553206629e-02 -6.712570458003411233e-02
4.354130000000053791e+00 6.544781083584587378e-02 -6.676152143111473147e-02
4.359129000000053544e+00 6.511497581865539896e-02 -6.639947208004252921e-02
4.364128000000053298e+00 6.478394538085791021e-02 -6.603954303807477166e-02
4.369127000000053052e+00 6.445470895655577848e-02 -6.568172090644065764e-02
4.374126000000052805e+00 6.412725604660815537e-02 -6.532599237576000584e-02
4.379125000000052559e+00 6.380157621818557945e-02 -6.497234422546435684e-02
4.384124000000052312e+00 6.347765910432739966e-02 -6.462076332322065630e-02
4.389123000000052066e+00 6.315549440350215482e-02 -6.427123662435736684e-02
4.394122000000051820e+00 6.283507187917079795e-02 -6.392375117129321660e-02
4.399121000000051573e+00 6.251638135935269625e-02 -6.357829409296845979e-02
4.404120000000051327e+00 6.219941273619460781e-02 -6.323485260427877397e-02
4.409119000000051081e+00 6.188415596554232290e-02 -6.289341400551179406e-02
4.414118000000050834e+00 6.157060106651524034e-02 -6.255396568178621386e-02
4.419117000000050588e+00 6.125873812108367095e-02 -6.221649510249363524e-02
4.424116000000050342e+00 6.094855727364895809e-02 -6.188098982074303339e-02
4.429115000000050095e+00 6.064004873062635997e-02 -6.154743747280794208e-02
4.434114000000049849e+00 6.033320276003067278e-02 -6.121582577757637283e-02
4.439113000000049603e+00 6.002800969106461548e-02 -6.088614253600341947e-02
4.444112000000049356e+00 5.972445991370994162e-02 -6.055837563056663125e-02
4.449111000000049110e+00 5.942254387832127116e-02 -6.023251302472413388e-02
4.454110000000048863e+00 5.912225209522260078e-02 -5.990854276237553289e-02
4.459109000000048617e+00 5.882357513430652718e-02 -5.958645296732557189e-02
4.464108000000048371e+00 5.852650362463614891e-02 -5.926623184275060796e-02
4.469107000000048124e+00 5.823102825404958410e-02 -5.894786767066786254e-02
4.474106000000047878e+00 5.793713976876719435e-02 -5.863134881140750349e-02
4.479105000000047632e+00 5.764482897300140379e-02 -5.831666370308752345e-02
4.484104000000047385e+00 5.735408672856914108e-02 -5.800380086109147709e-02
4.489103000000047139e+00 5.706490395450688341e-02 -5.769274887754900077e-02
4.494102000000046893e+00 5.677727162668830957e-02 -5.738349642081923274e-02
4.499101000000046646e+00 5.649118077744450656e-02 -5.707603223497700884e-02
4.504100000000046400e+00 5.620662249518673659e-02 -5.677034513930197257e-02
4.509099000000046154e+00 5.592358792403177153e-02 -5.646642402777047459e-02
4.514098000000045907e+00 5.564206826342974616e-02 -5.616425786855037960e-02
4.519097000000045661e+00 5.536205476779453016e-02 -5.586383570349870431e-02
4.524096000000045414e+00 5.508353874613659829e-02 -5.556514664766212808e-02
4.529095000000045168e+00 5.480651156169841220e-02 -5.526817988878034854e-02
4.534094000000044922e+00 5.453096463159224500e-02 -5.497292468679230298e-02
4.539093000000044675e+00 5.425688942644051049e-02 -5.467937037334529016e-02
4.544092000000044429e+00 5.398427747001848659e-02 -5.438750635130689542e-02
4.549091000000044183e+00 5.371312033889952264e-02 -5.409732209427981636e-02
4.554090000000043936e+00 5.344340966210262694e-02 -5.380880714611954718e-02
4.559089000000043690e+00 5.317513712074247584e-02 -5.352195112045490116e-02
4.564088000000043444e+00 5.290829444768180984e-02 -5.323674370021141966e-02
4.569087000000043197e+00 5.264287342718620283e-02 -5.295317463713761913e-02
4.574086000000042951e+00 5.237886589458119746e-02 -5.267123375133407615e-02
4.579085000000042704e+00 5.211626373591179279e-02 -5.239091093078538514e-02
4.584084000000042458e+00 5.185505888760422871e-02 -5.211219613089495412e-02
4.589083000000042212e+00 5.159524333613015046e-02 -5.183507937402262455e-02
4.594082000000041965e+00 5.133680911767301430e-02 -5.155955074902514312e-02
4.599081000000041719e+00 5.107974831779683172e-02 -5.128560041079945758e-02
4.604080000000041473e+00 5.082405307111716175e-02 -5.101321857982883679e-02
4.609079000000041226e+00 5.056971556097437231e-02 -5.074239554173179401e-02
4.614078000000040980e+00 5.031672801910915677e-02 -5.047312164681386215e-02
4.619077000000040734e+00 5.006508272534027082e-02 -5.020538730962212370e-02
4.624076000000040487e+00 4.981477200724449689e-02 -4.993918300850259256e-02
4.629075000000040241e+00 4.956578823983882887e-02 -4.967449928516032981e-02
4.634074000000039995e+00 4.931812384526480797e-02 -4.941132674422240439e-02
4.639073000000039748e+00 4.907177129247508596e-02 -4.914965605280357391e-02
4.644072000000039502e+00 4.882672309692211166e-02 -4.888947794007476866e-02
4.649071000000039255e+00 4.858297182024900324e-02 -4.863078319683434431e-02
4.654070000000039009e+00 4.834051006998252298e-02 -4.837356267508205465e-02
4.659069000000038763e+00 4.809933049922818921e-02 -4.811780728759577214e-02
4.664068000000038516e+00 4.785942580636751154e-02 -4.786350800751097007e-02
4.669067000000038270e+00 4.762078873475730778e-02 -4.761065586790290405e-02
4.674066000000038024e+00 4.738341207243108866e-02 -4.735924196137152736e-02
4.679065000000037777e+00 4.714728865180253803e-02 -4.710925743962909168e-02
4.684064000000037531e+00 4.691241134937103319e-02 -4.686069351309045394e-02
4.689063000000037285e+00 4.667877308542920517e-02 -4.661354145046606862e-02
4.694062000000037038e+00 4.644636682377254605e-02 -4.636779257835765833e-02
4.699061000000036792e+00 4.621518557141099381e-02 -4.612343828085654907e-02
4.704060000000036545e+00 4.598522237828255033e-02 -4.588046999914465601e-02
4.709059000000036299e+00 4.575647033696888383e-02 -4.563887923109810618e-02
4.714058000000036053e+00 4.552892258241288126e-02 -4.539865753089351863e-02
4.719057000000035806e+00 4.530257229163820593e-02 -4.515979650861687983e-02
4.724056000000035560e+00 4.507741268347076335e-02 -4.492228782987503499e-02
4.729055000000035314e+00 4.485343701826211699e-02 -4.468612321540979537e-02
4.734054000000035067e+00 4.463063859761482594e-02 -4.445129444071461294e-02
4.739053000000034821e+00 4.440901076410970483e-02 -4.421779333565384329e-02
4.744052000000034575e+00 4.418854690103497102e-02 -4.398561178408457589e-02
4.749051000000034328e+00 4.396924043211725835e-02 -4.375474172348099017e-02
4.754050000000034082e+00 4.375108482125453224e-02 -4.352517514456129277e-02
4.759049000000033836e+00 4.353407357225084345e-02 -4.329690409091714598e-02
4.764048000000033589e+00 4.331820022855294855e-02 -4.306992065864564956e-02
4.769047000000033343e+00 4.310345837298872745e-02 -4.284421699598378597e-02
4.774046000000033096e+00 4.288984162750746065e-02 -4.261978530294539130e-02
4.779045000000032850e+00 4.267734365292189663e-02 -4.239661783096057568e-02
4.784044000000032604e+00 4.246595814865211649e-02 -4.217470688251765548e-02
4.789043000000032357e+00 4.225567885247118183e-02 -4.195404481080747261e-02
4.794042000000032111e+00 4.204649954025255210e-02 -4.173462401937022559e-02
4.799041000000031865e+00 4.183841402571928519e-02 -4.151643696174469461e-02
4.804040000000031618e+00 4.163141616019494506e-02 -4.129947614111986048e-02
4.809039000000031372e+00 4.142549983235627870e-02 -4.108373410998898689e-02
4.814038000000031126e+00 4.122065896798759316e-02 -4.086920346980604801e-02
4.819037000000030879e+00 4.101688752973686736e-02 -4.065587687064452921e-02
4.824036000000030633e+00 4.081417951687353607e-02 -4.044374701085862167e-02
4.829035000000030387e+00 4.061252896504799481e-02 -4.023280663674676932e-02
4.834034000000030140e+00 4.041192994605274924e-02 -4.002304854221751945e-02
4.839033000000029894e+00 4.021237656758524376e-02 -3.981446556845773949e-02
4.844032000000029647e+00 4.001386297301234851e-02 -3.960705060360310281e-02
4.849031000000029401e+00 3.981638334113647704e-02 -3.940079658241092686e-02
4.854030000000029155e+00 3.961993188596332760e-02 -3.919569648593525940e-02
4.859029000000028908e+00 3.942450285647127600e-02 -3.899174334120424773e-02
4.864028000000028662e+00 3.923009053638233656e-02 -3.878893022089977688e-02
4.869027000000028416e+00 3.903668924393473294e-02 -3.858725024303934215e-02
4.874026000000028169e+00 3.884429333165706488e-02 -3.838669657066015595e-02
4.879025000000027923e+00 3.865289718614403625e-02 -3.818726241150550288e-02
4.884024000000027677e+00 3.846249522783375119e-02 -3.798894101771325971e-02
4.889023000000027430e+00 3.827308191078655081e-02 -3.779172568550663580e-02
4.894022000000027184e+00 3.808465172246541103e-02 -3.759560975488709933e-02
4.899021000000026937e+00 3.789719918351785316e-02 -3.740058660932945450e-02
4.904020000000026691e+00 3.771071884755936715e-02 -3.720664967547908375e-02
4.909019000000026445e+00 3.752520530095837525e-02 -3.701379242285134097e-02
4.914018000000026198e+00 3.734065316262265288e-02 -3.682200836353304030e-02
4.919017000000025952e+00 3.715705708378727601e-02 -3.663129105188610291e-02
4.924016000000025706e+00 3.697441174780399797e-02 -3.644163408425327849e-02
4.929015000000025459e+00 3.679271186993213899e-02 -3.625303109866596235e-02
4.934014000000025213e+00 3.661195219713090504e-02 -3.606547577455410103e-02
4.939013000000024967e+00 3.643212750785315701e-02 -3.587896183245813803e-02
4.944012000000024720e+00 3.625323261184061618e-02 -3.569348303374304116e-02
4.949011000000024474e+00 3.607526234992048525e-02 -3.550903318031432138e-02
4.954010000000024228e+00 3.589821159380349874e-02 -3.532560611433612635e-02
4.959009000000023981e+00 3.572207524588337513e-02 -3.514319571795131852e-02
4.964008000000023735e+00 3.554684823903764973e-02 -3.496179591300355161e-02
4.969007000000023488e+00 3.537252553642990238e-02 -3.478140066076134546e-02
4.974006000000023242e+00 3.519910213131336590e-02 -3.460200396164411080e-02
4.979005000000022996e+00 3.502657304683588074e-02 -3.442359985495015845e-02
4.984004000000022749e+00 3.485493333584622350e-02 -3.424618241858664452e-02
4.989003000000022503e+00 3.468417808070176078e-02 -3.406974576880145850e-02
4.994002000000022257e+00 3.451430239307747005e-02 -3.389428405991700560e-02
4.999001000000022010e+00 3.434530141377625106e-02 -3.371979148406594601e-02
5.004000000000021764e+00 3.417717031254056959e-02 -3.354626227092877971e-02
5.008999000000021518e+00 3.400990428786541259e-02 -3.337369068747334661e-02
5.013998000000021271e+00 3.384349856681252711e-02 -3.320207103769619306e-02
5.018997000000021025e+00 3.367794840482597751e-02 -3.303139766236579816e-02
5.023996000000020778e+00 3.351324908554893789e-02 -3.286166493876762490e-02
5.028995000000020532e+00 3.334939592064178199e-02 -3.269286728045104479e-02
5.033994000000020286e+00 3.318638424960144301e-02 -3.252499913697803890e-02
5.038993000000020039e+00 3.302420943958199462e-02 -3.235805499367375160e-02
5.043992000000019793e+00 3.286286688521648791e-02 -3.219202937137881360e-02
5.048991000000019547e+00 3.270235200844005125e-02 -3.202691682620346231e-02
5.053990000000019300e+00 3.254266025831415582e-02 -3.186271194928341072e-02
5.058989000000019054e+00 3.238378711085215106e-02 -3.169940936653752039e-02
5.063988000000018808e+00 3.222572806884597268e-02 -3.153700373842718147e-02
5.068987000000018561e+00 3.206847866169407896e-02 -3.137548975971745507e-02
5.073986000000018315e+00 3.191203444523053878e-02 -3.121486215923993668e-02
5.078985000000018069e+00 3.175639100155534106e-02 -3.105511569965731244e-02
5.083984000000017822e+00 3.160154393886584895e-02 -3.089624517722963995e-02
5.088983000000017576e+00 3.144748889128942682e-02 -3.073824542158230810e-02
5.093982000000017329e+00 3.129422151871722596e-02 -3.058111129547567281e-02
5.098981000000017083e+00 3.114173750663911180e-02 -3.042483769457636142e-02
5.103980000000016837e+00 3.099003256597974293e-02 -3.026941954723023215e-02
5.108979000000016590e+00 3.083910243293576034e-02 -3.011485181423697102e-02
5.113978000000016344e+00 3.068894286881411471e-02 -2.996112948862632297e-02
5.118977000000016098e+00 3.053954965987150730e-02 -2.980824759543594660e-02
5.123976000000015851e+00 3.039091861715493073e-02 -2.965620119149086839e-02
5.128975000000015605e+00 3.024304557634331647e-02 -2.950498536518453979e-02
5.133974000000015359e+00 3.009592639759026134e-02 -2.935459523626147288e-02
5.138973000000015112e+00 2.994955696536784687e-02 -2.920502595560145812e-02
5.143972000000014866e+00 2.980393318831153424e-02 -2.905627270500535028e-02
5.148971000000014620e+00 2.965905099906611386e-02 -2.890833069698238444e-02
5.153970000000014373e+00 2.951490635413272709e-02 -2.876119517453905317e-02
5.158969000000014127e+00 2.937149523371693910e-02 -2.861486141096951374e-02
5.163968000000013880e+00 2.922881364157784226e-02 -2.846932470964749426e-02
5.168967000000013634e+00 2.908685760487821417e-02 -2.832458040381972963e-02
5.173966000000013388e+00 2.894562317403569229e-02 -2.818062385640089304e-02
5.178965000000013141e+00 2.880510642257496853e-02 -2.803745045976999486e-02
5.183964000000012895e+00 2.866530344698101085e-02 -2.789505563556828049e-02
5.188963000000012649e+00 2.852621036655328055e-02 -2.775343483449857832e-02
5.193962000000012402e+00 2.838782332326094879e-02 -2.761258353612611183e-02
5.198961000000012156e+00 2.825013848159910884e-02 -2.747249724868075157e-02
5.203960000000011910e+00 2.811315202844598057e-02 -2.733317150886069996e-02
5.208959000000011663e+00 2.797686017292107599e-02 -2.719460188163760200e-02
5.213958000000011417e+00 2.784125914624435011e-02 -2.705678396006307510e-02
5.218957000000011170e+00 2.770634520159630243e-02 -2.691971336507662307e-02
5.223956000000010924e+00 2.757211461397904989e-02 -2.678338574531496583e-02
5.228955000000010678e+00 2.743856368007834348e-02 -2.664779677692273585e-02
5.233954000000010431e+00 2.730568871812651816e-02 -2.651294216336455567e-02
5.238953000000010185e+00 2.717348606776639336e-02 -2.637881763523847872e-02
5.243952000000009939e+00 2.704195208991609298e-02 -2.624541895009076947e-02
5.248951000000009692e+00 2.691108316663479855e-02 -2.611274189223204700e-02
5.253950000000009446e+00 2.678087570098940107e-02 -2.598078227255474354e-02
5.258949000000009200e+00 2.665132611692207568e-02 -2.584953592835189870e-02
5.263948000000008953e+00 2.652243085911876186e-02 -2.571899872313726521e-02
5.268947000000008707e+00 2.639418639287852489e-02 -2.558916654646670175e-02
5.273946000000008461e+00 2.626658920398381586e-02 -2.546003531376089465e-02
5.278945000000008214e+00 2.613963579857161643e-02 -2.533160096612932510e-02
5.283944000000007968e+00 2.601332270300545785e-02 -2.520385947019554776e-02
5.288943000000007721e+00 2.588764646374830738e-02 -2.507680681792370803e-02
5.293942000000007475e+00 2.576260364723632901e-02 -2.495043902644632910e-02
5.298941000000007229e+00 2.563819083975348370e-02 -2.482475213789334806e-02
5.303940000000006982e+00 2.551440464730699714e-02 -2.469974221922238353e-02
5.308939000000006736e+00 2.539124169550367391e-02 -2.457540536205023510e-02
5.313938000000006490e+00 2.526869862942703396e-02 -2.445173768248560392e-02
5.318937000000006243e+00 2.514677211351530259e-02 -2.432873532096302763e-02
5.323936000000005997e+00 2.502545883144021224e-02 -2.420639444207801222e-02
5.328935000000005751e+00 2.490475548598663005e-02 -2.408471123442335049e-02
5.333934000000005504e+00 2.478465879893301110e-02 -2.396368191042664783e-02
5.338933000000005258e+00 2.466516551093263926e-02 -2.384330270618899988e-02
5.343932000000005011e+00 2.454627238139569720e-02 -2.372356988132484634e-02
5.348931000000004765e+00 2.442797618837211360e-02 -2.360447971880298701e-02
5.353930000000004519e+00 2.431027372843520828e-02 -2.348602852478873931e-02
5.358929000000004272e+00 2.419316181656612844e-02 -2.336821262848724073e-02
5.363928000000004026e+00 2.407663728603906539e-02 -2.325102838198789268e-02
5.368927000000003780e+00 2.396069698830723127e-02 -2.313447216010991112e-02
5.373926000000003533e+00 2.384533779288962665e-02 -2.301854036024900824e-02
5.378925000000003287e+00 2.373055658725855763e-02 -2.290322940222517048e-02
5.383924000000003041e+00 2.361635027672791612e-02 -2.278853572813154330e-02
5.388923000000002794e+00 2.350271578434221312e-02 -2.267445580218440532e-02
5.393922000000002548e+00 2.338965005076635434e-02 -2.256098611057422848e-02
5.398921000000002302e+00 2.327715003417616182e-02 -2.244812316131780325e-02
5.403920000000002055e+00 2.316521271014963454e-02 -2.233586348411144284e-02
5.408919000000001809e+00 2.305383507155893408e-02 -2.222420363018523526e-02
5.413918000000001562e+00 2.294301412846310242e-02 -2.211314017215835689e-02
5.418917000000001316e+00 2.283274690800149789e-02 -2.200266970389542012e-02
5.423916000000001070e+00 2.272303045428793883e-02 -2.189278884036386166e-02
5.428915000000000823e+00 2.261386182830556896e-02 -2.178349421749235793e-02
5.433914000000000577e+00 2.250523810780243050e-02 -2.167478249203026036e-02
5.438913000000000331e+00 2.239715638718772425e-02 -2.156665034140804044e-02
5.443912000000000084e+00 2.228961377742877045e-02 -2.145909446359873726e-02
5.448910999999999838e+00 2.218260740594866359e-02 -2.135211157698041831e-02
5.453909999999999592e+00 2.207613441652460720e-02 -2.124569842019960811e-02
5.458908999999999345e+00 2.197019196918693212e-02 -2.113985175203570918e-02
5.463907999999999099e+00 2.186477724011879481e-02 -2.103456835126640487e-02
5.468906999999998853e+00 2.175988742155652786e-02 -2.092984501653401275e-02
5.473905999999998606e+00 2.165551972169067751e-02 -2.082567856621281646e-02
5.478904999999998360e+00 2.155167136456769342e-02 -2.072206583827734122e-02
5.483903999999998113e+00 2.144833958999227408e-02 -2.061900369017157647e-02
5.488902999999997867e+00 2.134552165343035768e-02 -2.051648899867913531e-02
5.493901999999997621e+00 2.124321482591277205e-02 -2.041451865979435065e-02
5.498900999999997374e+00 2.114141639393952304e-02 -2.031308958859429428e-02
5.503899999999997128e+00 2.104012365938470741e-02 -2.021219871911171528e-02
5.508898999999996882e+00 2.093933393940207791e-02 -2.011184300420888055e-02
5.513897999999996635e+00 2.083904456633122598e-02 -2.001201941545233814e-02
5.518896999999996389e+00 2.073925288760438898e-02 -1.991272494298855847e-02
5.523895999999996143e+00 2.063995626565388181e-02 -1.981395659542047744e-02
5.528894999999995896e+00 2.054115207782013230e-02 -1.971571139968491745e-02
5.533893999999995650e+00 2.044283771626034113e-02 -1.961798640093089310e-02
5.538892999999995403e+00 2.034501058785774183e-02 -1.952077866239878418e-02
5.543891999999995157e+00 2.024766811413145420e-02 -1.942408526530036914e-02
5.548890999999994911e+00 2.015080773114695870e-02 -1.932790330869971554e-02
5.553889999999994664e+00 2.005442688942712937e-02 -1.923222990939493782e-02
5.558888999999994418e+00 1.995852305386388789e-02 -1.913706220180077383e-02
5.563887999999994172e+00 1.986309370363043003e-02 -1.904239733783202188e-02
5.568886999999993925e+00 1.976813633209402801e-02 -1.894823248678779992e-02
5.573885999999993679e+00 1.967364844672941232e-02 -1.885456483523663407e-02
5.578884999999993433e+00 1.957962756903273288e-02 -1.876139158690236577e-02
5.583883999999993186e+00 1.948607123443608230e-02 -1.866870996255086401e-02
5.588882999999992940e+00 1.939297699222257768e-02 -1.857651719987756314e-02
5.593881999999992694e+00 1.930034240544201835e-02 -1.848481055339579182e-02
5.598880999999992447e+00 1.920816505082708139e-02 -1.839358729432588949e-02
5.603879999999992201e+00 1.911644251871008962e-02 -1.830284471048513120e-02
5.608878999999991954e+00 1.902517241294030687e-02 -1.821258010617841233e-02
5.613877999999991708e+00 1.893435235080179538e-02 -1.812279080208973464e-02
5.618876999999991462e+00 1.884397996293180055e-02 -1.803347413517445222e-02
5.623875999999991215e+00 1.875405289323968036e-02 -1.794462745855227720e-02
5.628874999999990969e+00 1.866456879882636907e-02 -1.785624814140105571e-02
5.633873999999990723e+00 1.857552534990436141e-02 -1.776833356885130014e-02
5.638872999999990476e+00 1.848692022971822752e-02 -1.768088114188146043e-02
5.643871999999990230e+00 1.839875113446565527e-02 -1.759388827721394127e-02
5.648870999999989984e+00 1.831101577321899571e-02 -1.750735240721186178e-02
5.653869999999989737e+00 1.822371186784733921e-02 -1.742127097977654721e-02
5.658868999999989491e+00 1.813683715293909135e-02 -1.733564145824573882e-02
5.663867999999989244e+00 1.805038937572505872e-02 -1.725046132129253590e-02
5.668866999999988998e+00 1.796436629600204130e-02 -1.716572806282504193e-02
5.673865999999988752e+00 1.787876568605692093e-02 -1.708143919188672907e-02
5.678864999999988505e+00 1.779358533059124253e-02 -1.699759223255751031e-02
5.683863999999988259e+00 1.770882302664629829e-02 -1.691418472385549515e-02
5.688862999999988013e+00 1.762447658352869762e-02 -1.683121421963946346e-02
5.693861999999987766e+00 1.754054382273641591e-02 -1.674867828851200890e-02
5.698860999999987520e+00 1.745702257788532899e-02 -1.666657451372337284e-02
5.703859999999987274e+00 1.737391069463623330e-02 -1.658490049307595818e-02
5.708858999999987027e+00 1.729120603062233794e-02 -1.650365383882952328e-02
5.713857999999986781e+00 1.720890645537722502e-02 -1.642283217760702810e-02
5.718856999999986535e+00 1.712700985026328199e-02 -1.634243315030115690e-02
5.723855999999986288e+00 1.704551410840059872e-02 -1.626245441198149663e-02
5.728854999999986042e+00 1.696441713459632961e-02 -1.618289363180237111e-02
5.733853999999985795e+00 1.688371684527451705e-02 -1.610374849291132046e-02
5.738852999999985549e+00 1.680341116840635557e-02 -1.602501669235822587e-02
5.743851999999985303e+00 1.672349804344092777e-02 -1.594669594100507279e-02
5.748850999999985056e+00 1.664397542123638440e-02 -1.586878396343634895e-02
5.753849999999984810e+00 1.656484126399156154e-02 -1.579127849787007043e-02
5.758848999999984564e+00 1.648609354517805228e-02 -1.571417729606944605e-02
5.763847999999984317e+00 1.640773024947270869e-02 -1.563747812325513159e-02
5.768846999999984071e+00 1.632974937269059471e-02 -1.556117875801813974e-02
5.773845999999983825e+00 1.625214892171835540e-02 -1.548527699223332076e-02
5.778844999999983578e+00 1.617492691444803038e-02 -1.540977063097348325e-02
5.783843999999983332e+00 1.609808137971128691e-02 -1.533465749242409262e-02
5.788842999999983086e+00 1.602161035721409027e-02 -1.525993540779858187e-02
5.793841999999982839e+00 1.594551189747177647e-02 -1.518560222125424873e-02
5.798840999999982593e+00 1.586978406174456221e-02 -1.511165578980874259e-02
5.803839999999982346e+00 1.579442492197346420e-02 -1.503809398325713434e-02
5.808838999999982100e+00 1.571943256071662090e-02 -1.496491468408957075e-02
5.813837999999981854e+00 1.564480507108604798e-02 -1.489211578740949442e-02
5.818836999999981607e+00 1.557054055668478064e-02 -1.481969520085244831e-02
5.823835999999981361e+00 1.549663713154442526e-02 -1.474765084450543363e-02
5.828834999999981115e+00 1.542309292006311880e-02 -1.467598065082683853e-02
5.833833999999980868e+00 1.534990605694388360e-02 -1.460468256456692697e-02
5.838832999999980622e+00 1.527707468713337610e-02 -1.453375454268887243e-02
5.843831999999980376e+00 1.520459696576102922e-02 -1.446319455429035013e-02
5.848830999999980129e+00 1.513247105807859205e-02 -1.439300058052567222e-02
5.853829999999979883e+00 1.506069513940004427e-02 -1.432317061452846423e-02
5.858828999999979636e+00 1.498926739504191294e-02 -1.425370266133488273e-02
5.863827999999979390e+00 1.491818602026395539e-02 -1.418459473780736210e-02
5.868826999999979144e+00 1.484744922021023067e-02 -1.411584487255889385e-02
5.873825999999978897e+00 1.477705520985055088e-02 -1.404745110587783327e-02
5.878824999999978651e+00 1.470700221392229855e-02 -1.397941148965322483e-02
5.883823999999978405e+00 1.463728846687261873e-02 -1.391172408730064793e-02
5.888822999999978158e+00 1.456791221280098921e-02 -1.384438697368857787e-02
5.893821999999977912e+00 1.449887170540214293e-02 -1.377739823506525345e-02
5.898820999999977666e+00 1.443016520790936855e-02 -1.371075596898605441e-02
5.903819999999977419e+00 1.436179099303815966e-02 -1.364445828424138557e-02
5.908818999999977173e+00 1.429374734293023703e-02 -1.357850330078505009e-02
5.913817999999976927e+00 1.422603254909791774e-02 -1.351288914966312579e-02
5.918816999999976680e+00 1.415864491236883994e-02 -1.344761397294333242e-02
5.923815999999976434e+00 1.409158274283104327e-02 -1.338267592364488466e-02
5.928814999999976187e+00 1.402484435977839616e-02 -1.331807316566883427e-02
5.933813999999975941e+00 1.395842809165637188e-02 -1.325380387372888588e-02
5.938812999999975695e+00 1.389233227600816453e-02 -1.318986623328269672e-02
5.943811999999975448e+00 1.382655525942115549e-02 -1.312625844046364995e-02
5.948810999999975202e+00 1.376109539747371290e-02 -1.306297870201309115e-02
5.953809999999974956e+00 1.369595105468232772e-02 -1.300002523521304014e-02
5.958808999999974709e+00 1.363112060444909325e-02 -1.293739626781936596e-02
5.963807999999974463e+00 1.356660242900950900e-02 -1.287509003799541113e-02
5.968806999999974217e+00 1.350239491938062114e-02 -1.281310479424608607e-02
5.973805999999973970e+00 1.343849647530948738e-02 -1.275143879535240929e-02
5.978804999999973724e+00 1.337490550522196786e-02 -1.269009031030650034e-02
5.983803999999973477e+00 1.331162042617184404e-02 -1.262905761824701517e-02
5.988802999999973231e+00 1.324863966379025669e-02 -1.256833900839502902e-02
5.993801999999972985e+00 1.318596165223545960e-02 -1.250793277999035988e-02
5.998800999999972738e+00 1.312358483414289949e-02 -1.244783724222832226e-02
6.003799999999972492e+00 1.306150766057559941e-02 -1.238805071419692497e-02
6.008798999999972246e+00 1.299972859097486833e-02 -1.232857152481448525e-02
6.013797999999971999e+00 1.293824609311130906e-02 -1.226939801276768528e-02
6.018796999999971753e+00 1.287705864303614195e-02 -1.221052852645004155e-02
6.023795999999971507e+00 1.281616472503283380e-02 -1.215196142390079920e-02
6.028794999999971260e+00 1.275556283156902872e-02 -1.209369507274424445e-02
6.033793999999971014e+00 1.269525146324878770e-02 -1.203572785012943340e-02
6.038792999999970768e+00 1.263522912876511792e-02 -1.197805814267032670e-02
6.043791999999970521e+00 1.257549434485281253e-02 -1.192068434638633538e-02
6.048790999999970275e+00 1.251604563624157500e-02 -1.186360486664328126e-02
6.053789999999970028e+00 1.245688153560944866e-02 -1.180681811809474076e-02
6.058788999999969782e+00 1.239800058353652916e-02 -1.175032252462381195e-02
6.063787999999969536e+00 1.233940132845897167e-02 -1.169411651928525461e-02
6.068786999999969289e+00 1.228108232662328617e-02 -1.163819854424804484e-02
6.073785999999969043e+00 1.222304214204091889e-02 -1.158256705073830786e-02
6.078784999999968797e+00 1.216527934644311311e-02 -1.152722049898264114e-02
6.083783999999968550e+00 1.210779251923606477e-02 -1.147215735815182956e-02
6.088782999999968304e+00 1.205058024745634011e-02 -1.141737610630493005e-02
6.093781999999968058e+00 1.199364112572659340e-02 -1.136287523033375352e-02
6.098780999999967811e+00 1.193697375621153960e-02 -1.130865322590770411e-02
6.103779999999967565e+00 1.188057674857421857e-02 -1.125470859741900705e-02
6.108778999999967319e+00 1.182444871993252461e-02 -1.120103985792830423e-02
6.113777999999967072e+00 1.176858829481600838e-02 -1.114764552911061586e-02
6.118776999999966826e+00 1.171299410512294595e-02 -1.109452414120166985e-02
6.123775999999966579e+00 1.165766479007767850e-02 -1.104167423294459202e-02
6.128774999999966333e+00 1.160259899618821741e-02 -1.098909435153696407e-02
6.133773999999966087e+00 1.154779537720410955e-02 -1.093678305257822850e-02
6.138772999999965840e+00 1.149325259407457146e-02 -1.088473890001746304e-02
6.143771999999965594e+00 1.143896931490687337e-02 -1.083296046610149159e-02
6.148770999999965348e+00 1.138494421492499201e-02 -1.078144633132336119e-02
6.153769999999965101e+00 1.133117597642851505e-02 -1.073019508437115556e-02
6.158768999999964855e+00 1.127766328875180225e-02 -1.067920532207715899e-02
6.163767999999964609e+00 1.122440484822339463e-02 -1.062847564936736031e-02
6.168766999999964362e+00 1.117139935812568388e-02 -1.057800467921130028e-02
6.173765999999964116e+00 1.111864552865482469e-02 -1.052779103257225554e-02
6.178764999999963869e+00 1.106614207688090198e-02 -1.047783333835775217e-02
6.183763999999963623e+00 1.101388772670833585e-02 -1.042813023337042441e-02
6.188762999999963377e+00 1.096188120883653805e-02 -1.037868036225919090e-02
6.193761999999963130e+00 1.091012126072080958e-02 -1.032948237747076739e-02
6.198760999999962884e+00 1.085860662653347943e-02 -1.028053493920150219e-02
6.203759999999962638e+00 1.080733605712528612e-02 -1.023183671534953071e-02
6.208758999999962391e+00 1.075630830998699355e-02 -1.018338638146726316e-02
6.213757999999962145e+00 1.070552214921124609e-02 -1.013518262071417576e-02
6.218756999999961899e+00 1.065497634545465623e-02 -1.008722412380992813e-02
6.223755999999961652e+00 1.060466967590012986e-02 -1.003950958898779458e-02
6.228754999999961406e+00 1.055460092421942053e-02 -9.992037721948400855e-03
6.233753999999961160e+00 1.050476888053591615e-02 -9.944807235813774710e-03
6.238752999999960913e+00 1.045517234138765295e-02 -9.897816851081707099e-03
6.243751999999960667e+00 1.040581010969055670e-02 -9.851065295580409970e-03
6.248750999999960420e+00 1.035668099470191117e-02 -9.804551304423486310e-03
6.253749999999960174e+00 1.030778381198405383e-02 -9.758273619965189896e-03
6.258748999999959928e+00 1.025911738336828319e-02 -9.712230991755997286e-03
6.263747999999959681e+00 1.021068053691900381e-02 -9.666422176498462582e-03
6.268746999999959435e+00 1.016247210689807771e-02 -9.620845938003375758e-03
6.273745999999959189e+00 1.011449093372939791e-02 -9.575501047146210698e-03
6.278744999999958942e+00 1.006673586396368732e-02 -9.530386281823861189e-03
6.283743999999958696e+00 1.001920575024349905e-02 -9.485500426911664881e-03
6.288742999999958450e+00 9.971899451268440365e-03 -9.440842274220718686e-03
6.293741999999958203e+00 9.924815831760610066e-03 -9.396410622455469985e-03
6.298740999999957957e+00 9.877953762430238815e-03 -9.352204277171594082e-03
6.303739999999957710e+00 9.831312119941548050e-03 -9.308222050734154401e-03
6.308738999999957464e+00 9.784889786878811849e-03 -9.264462762276029842e-03
6.313737999999957218e+00 9.738685651712630439e-03 -9.220925237656633563e-03
6.318736999999956971e+00 9.692698608766403198e-03 -9.177608309420890245e-03
6.323735999999956725e+00 9.646927558183015020e-03 -9.134510816758494370e-03
6.328734999999956479e+00 9.601371405891713506e-03 -9.091631605463435656e-03
6.333733999999956232e+00 9.556029063575201266e-03 -9.048969527893795106e-03
6.338732999999955986e+00 9.510899448636919024e-03 -9.006523442931799531e-03
6.343731999999955740e+00 9.465981484168529969e-03 -8.964292215944151890e-03
6.348730999999955493e+00 9.421274098917603590e-03 -8.922274718742613173e-03
6.353729999999955247e+00 9.376776227255493798e-03 -8.880469829544847954e-03
6.358728999999955001e+00 9.332486809145416548e-03 -8.838876432935533628e-03
6.363727999999954754e+00 9.288404790110711337e-03 -8.797493419827721178e-03
6.368726999999954508e+00 9.244529121203309135e-03 -8.756319687424447482e-03
6.373725999999954261e+00 9.200858758972377260e-03 -8.715354139180613025e-03
6.378724999999954015e+00 9.157392665433167211e-03 -8.674595684765095543e-03
6.383723999999953769e+00 9.114129808036041183e-03 -8.634043240023123872e-03
6.388722999999953522e+00 9.071069159635691131e-03 -8.593695726938896384e-03
6.393721999999953276e+00 9.028209698460541721e-03 -8.553552073598445771e-03
6.398720999999953030e+00 8.985550408082344093e-03 -8.513611214152743203e-03
6.403719999999952783e+00 8.943090277385944836e-03 -8.473872088781055772e-03
6.408718999999952537e+00 8.900828300539238847e-03 -8.434333643654531171e-03
6.413717999999952291e+00 8.858763476963314731e-03 -8.394994830900033914e-03
6.418716999999952044e+00 8.816894811302766755e-03 -8.355854608564210542e-03
6.423715999999951798e+00 8.775221313396188924e-03 -8.316911940577792484e-03
6.428714999999951552e+00 8.733741998246856431e-03 -8.278165796720134834e-03
6.433713999999951305e+00 8.692455885993568415e-03 -8.239615152583987592e-03
6.438712999999951059e+00 8.651362001881679822e-03 -8.201258989540495883e-03
6.443711999999950812e+00 8.610459376234301521e-03 -8.163096294704425687e-03
6.448710999999950566e+00 8.569747044423670426e-03 -8.125126060899627231e-03
6.453709999999950320e+00 8.529224046842703508e-03 -8.087347286624711751e-03
6.458708999999950073e+00 8.488889428876706181e-03 -8.049758976018964174e-03
6.463707999999949827e+00 8.448742240875264584e-03 -8.012360138828469175e-03
6.468706999999949581e+00 8.408781538124299182e-03 -7.975149790372466213e-03
6.473705999999949334e+00 8.369006380818291846e-03 -7.938126951509914472e-03
6.478704999999949088e+00 8.329415834032670787e-03 -7.901290648606285050e-03
6.483703999999948842e+00 8.290008967696368969e-03 -7.864639913500568250e-03
6.488702999999948595e+00 8.250784856564543843e-03 -7.828173783472487310e-03
6.493701999999948349e+00 8.211742580191460153e-03 -7.791891301209937643e-03
6.498700999999948102e+00 8.172881222903535803e-03 -7.755791514776629036e-03
6.503699999999947856e+00 8.134199873772547315e-03 -7.719873477579942099e-03
6.508698999999947610e+00 8.095697626589000093e-03 -7.684136248338993731e-03
6.513697999999947363e+00 8.057373579835647864e-03 -7.648578891052907301e-03
6.518696999999947117e+00 8.019226836661185603e-03 -7.613200474969293585e-03
6.523695999999946871e+00 7.981256504854084693e-03 -7.578000074552932071e-03
6.528694999999946624e+00 7.943461696816591158e-03 -7.542976769454656956e-03
6.533693999999946378e+00 7.905841529538878282e-03 -7.508129644480446112e-03
6.538692999999946132e+00 7.868395124573351884e-03 -7.473457789560708671e-03
6.543691999999945885e+00 7.831121608009113458e-03 -7.438960299719772108e-03
6.548690999999945639e+00 7.794020110446567284e-03 -7.404636275045565347e-03
6.553689999999945393e+00 7.757089766972183678e-03 -7.370484820659502223e-03
6.558688999999945146e+00 7.720329717133414017e-03 -7.336505046686556640e-03
6.563687999999944900e+00 7.683739104913748889e-03 -7.302696068225529406e-03
6.568686999999944653e+00 7.647317078707930628e-03 -7.269057005319511100e-03
6.573685999999944407e+00 7.611062791297308096e-03 -7.235586982926534884e-03
6.578684999999944161e+00 7.574975399825341522e-03 -7.202285130890414937e-03
6.583683999999943914e+00 7.539054065773250456e-03 -7.169150583911779173e-03
6.588682999999943668e+00 7.503297954935805696e-03 -7.136182481519284110e-03
6.593681999999943422e+00 7.467706237397266078e-03 -7.103379968041015347e-03
6.598680999999943175e+00 7.432278087507458372e-03 -7.070742192576074531e-03
6.603679999999942929e+00 7.397012683857995090e-03 -7.038268308966350202e-03
6.608678999999942683e+00 7.361909209258638877e-03 -7.005957475768464712e-03
6.613677999999942436e+00 7.326966850713800480e-03 -6.973808856225907626e-03
6.618676999999942190e+00 7.292184799399178963e-03 -6.941821618241345200e-03
6.623675999999941943e+00 7.257562250638540692e-03 -6.909994934349108532e-03
6.628674999999941697e+00 7.223098403880631908e-03 -6.878327981687858660e-03
6.633673999999941451e+00 7.188792462676231801e-03 -6.846819941973425125e-03
6.638672999999941204e+00 7.154643634655336558e-03 -6.815470001471821485e-03
6.643671999999940958e+00 7.120651131504483061e-03 -6.784277350972433424e-03
6.648670999999940712e+00 7.086814168944199216e-03 -6.753241185761377739e-03
6.653669999999940465e+00 7.053131966706595660e-03 -6.722360705595030461e-03
6.658668999999940219e+00 7.019603748513079770e-03 -6.691635114673729311e-03
6.663667999999939973e+00 6.986228742052210186e-03 -6.661063621615638357e-03
6.668666999999939726e+00 6.953006178957673623e-03 -6.630645439430785278e-03
6.673665999999939480e+00 6.919935294786397004e-03 -6.600379785495260818e-03
6.678664999999939234e+00 6.887015328996784480e-03 -6.570265881525584779e-03
6.683663999999938987e+00 6.854245524927083701e-03 -6.540302953553236813e-03
6.688662999999938741e+00 6.821625129773877839e-03 -6.510490231899345934e-03
6.693661999999938494e+00 6.789153394570705130e-03 -6.480826951149545705e-03
6.698660999999938248e+00 6.756829574166803298e-03 -6.451312350128988148e-03
6.703659999999938002e+00 6.724652927205978896e-03 -6.421945671877517248e-03
6.708658999999937755e+00 6.692622716105598932e-03 -6.392726163624997716e-03
6.713657999999937509e+00 6.660738207035705669e-03 -6.363653076766805951e-03
6.718656999999937263e+00 6.628998669898255452e-03 -6.334725666839474516e-03
6.723655999999937016e+00 6.597403378306476371e-03 -6.305943193496490150e-03
6.728654999999936770e+00 6.565951609564349943e-03 -6.277304920484247028e-03
6.733653999999936524e+00 6.534642644646208171e-03 -6.248810115618153548e-03
6.738652999999936277e+00 6.503475768176452884e-03 -6.220458050758890037e-03
6.743651999999936031e+00 6.472450268409393054e-03 -6.192248001788816514e-03
6.748650999999935785e+00 6.441565437209197456e-03 -6.164179248588532237e-03
6.753649999999935538e+00 6.410820570029966171e-03 -6.136251075013580969e-03
6.758648999999935292e+00 6.380214965895920042e-03 -6.108462768871308034e-03
6.763647999999935045e+00 6.349747927381700283e-03 -6.080813621897858748e-03
6.768646999999934799e+00 6.319418760592786927e-03 -6.053302929735327777e-03
6.773645999999934553e+00 6.289226775146030020e-03 -6.025929991909049870e-03
6.778644999999934306e+00 6.259171284150292711e-03 -5.998694111805033709e-03
6.783643999999934060e+00 6.229251604187208829e-03 -5.971594596647543211e-03
6.788642999999933814e+00 6.199467055292049757e-03 -5.944630757476814138e-03
6.793641999999933567e+00 6.169816960934706648e-03 -5.917801909126915554e-03
6.798640999999933321e+00 6.140300648000777614e-03 -5.891107370203751796e-03
6.803639999999933075e+00 6.110917446772766784e-03 -5.864546463063199759e-03
6.808638999999932828e+00 6.081666690911394398e-03 -5.838118513789386683e-03
6.813637999999932582e+00 6.052547717437012711e-03 -5.811822852173104993e-03
6.818636999999932335e+00 6.023559866711128592e-03 -5.785658811690360705e-03
6.823635999999932089e+00 5.994702482418036264e-03 -5.759625729481061482e-03
6.828634999999931843e+00 5.965974911546554141e-03 -5.733722946327832193e-03
6.833633999999931596e+00 5.937376504371866606e-03 -5.707949806634972714e-03
6.838632999999931350e+00 5.908906614437472483e-03 -5.682305658407539768e-03
6.843631999999931104e+00 5.880564598537235850e-03 -5.656789853230564068e-03
6.848630999999930857e+00 5.852349816697542673e-03 -5.631401746248399301e-03
6.853629999999930611e+00 5.824261632159558923e-03 -5.606140696144198618e-03
6.858628999999930365e+00 5.796299411361590173e-03 -5.581006065119519487e-03
6.863627999999930118e+00 5.768462523921544412e-03 -5.555997218874058653e-03
6.868626999999929872e+00 5.740750342619495468e-03 -5.531113526585514605e-03
6.873625999999929626e+00 5.713162243380346186e-03 -5.506354360889573196e-03
6.878624999999929379e+00 5.685697605256592214e-03 -5.481719097860020783e-03
6.883623999999929133e+00 5.658355810411183802e-03 -5.457207116988983114e-03
6.888622999999928886e+00 5.631136244100485612e-03 -5.432817801167285666e-03
6.893621999999928640e+00 5.604038294657338881e-03 -5.408550536664936265e-03
6.898620999999928394e+00 5.577061353474212918e-03 -5.384404713111734346e-03
6.903619999999928147e+00 5.550204814986462419e-03 -5.360379723477996447e-03
6.908618999999927901e+00 5.523468076655672389e-03 -5.336474964055404856e-03
6.913617999999927655e+00 5.496850538953102806e-03 -5.312689834437975094e-03
6.918616999999927408e+00 5.470351605343230436e-03 -5.289023737503141358e-03
6.923615999999927162e+00 5.443970682267379110e-03 -5.265476079392964262e-03
6.928614999999926916e+00 5.417707179127446288e-03 -5.242046269495448732e-03
6.933613999999926669e+00 5.391560508269726756e-03 -5.218733720425983331e-03
6.938612999999926423e+00 5.365530084968820473e-03 -5.195537848008896682e-03
6.943611999999926176e+00 5.339615327411639280e-03 -5.172458071259124039e-03
6.948610999999925930e+00 5.313815656681502957e-03 -5.149493812363990092e-03
6.953609999999925684e+00 5.288130496742325486e-03 -5.126644496665105390e-03
6.958608999999925437e+00 5.262559274422890648e-03 -5.103909552640378128e-03
6.963607999999925191e+00 5.237101419401220433e-03 -5.081288411886130882e-03
6.968606999999924945e+00 5.211756364189028441e-03 -5.058780509099336173e-03
6.973605999999924698e+00 5.186523544116264373e-03 -5.036385282059956114e-03
6.978604999999924452e+00 5.161402397315747841e-03 -5.014102171613397420e-03
6.983603999999924206e+00 5.136392364707885461e-03 -4.991930621653070492e-03
6.988602999999923959e+00 5.111492889985479009e-03 -4.969870079103059536e-03
6.993601999999923713e+00 5.086703419598616847e-03 -4.947919993900897623e-03
6.998600999999923467e+00 5.062023402739653823e-03 -4.926079818980451906e-03
7.003599999999923220e+00 5.037452291328274427e-03 -4.904349010254913793e-03
7.008598999999922974e+00 5.012989539996640966e-03 -4.882727026599892328e-03
7.013597999999922727e+00 4.988634606074627588e-03 -4.861213329836614264e-03
7.018596999999922481e+00 4.964386949575136723e-03 -4.839807384715227347e-03
7.023595999999922235e+00 4.940246033179497044e-03 -4.818508658898208556e-03
7.028594999999921988e+00 4.916211322222949036e-03 -4.797316622943871220e-03
7.033593999999921742e+00 4.892282284680206893e-03 -4.776230750289978816e-03
7.038592999999921496e+00 4.868458391151107151e-03 -4.755250517237455052e-03
7.043591999999921249e+00 4.844739114846335383e-03 -4.734375402934198895e-03
7.048590999999921003e+00 4.821123931573234427e-03 -4.713604889358997616e-03
7.053589999999920757e+00 4.797612319721691540e-03 -4.692938461305538704e-03
7.058588999999920510e+00 4.774203760250107960e-03 -4.672375606366519808e-03
7.063587999999920264e+00 4.750897736671446520e-03 -4.651915814917858411e-03
7.068586999999920018e+00 4.727693735039357331e-03 -4.631558580102997785e-03
7.073585999999919771e+00 4.704591243934379795e-03 -4.611303397817310967e-03
7.078584999999919525e+00 4.681589754450227008e-03 -4.591149766692598395e-03
7.083583999999919278e+00 4.658688760180144765e-03 -4.571097188081680966e-03
7.088582999999919032e+00 4.635887757203346025e-03 -4.551145166043091099e-03
7.093581999999918786e+00 4.613186244071524299e-03 -4.531293207325854007e-03
7.098580999999918539e+00 4.590583721795441635e-03 -4.511540821354366980e-03
7.103579999999918293e+00 4.568079693831590335e-03 -4.491887520213366271e-03
7.108578999999918047e+00 4.545673666068934457e-03 -4.472332818632989392e-03
7.113577999999917800e+00 4.523365146815720716e-03 -4.452876233973929350e-03
7.118576999999917554e+00 4.501153646786363975e-03 -4.433517286212679091e-03
7.123575999999917308e+00 4.479038679088409927e-03 -4.414255497926865279e-03
7.128574999999917061e+00 4.457019759209568041e-03 -4.395090394280674884e-03
7.133573999999916815e+00 4.435096405004815626e-03 -4.376021503010368505e-03
7.138572999999916568e+00 4.413268136683579090e-03 -4.357048354409884770e-03
7.143571999999916322e+00 4.391534476796981126e-03 -4.338170481316528868e-03
7.148570999999916076e+00 4.369894950225164214e-03 -4.319387419096753014e-03
7.153569999999915829e+00 4.348349084164681785e-03 -4.300698705632021931e-03
7.158568999999915583e+00 4.326896408115959644e-03 -4.282103881304765054e-03
7.163567999999915337e+00 4.305536453870831108e-03 -4.263602488984414608e-03
7.168566999999915090e+00 4.284268755500137207e-03 -4.245194074013526955e-03
7.173565999999914844e+00 4.263092849341398871e-03 -4.226878184193994144e-03
7.178564999999914598e+00 4.242008273986556770e-03 -4.208654369773332654e-03
7.183563999999914351e+00 4.221014570269779678e-03 -4.190522183431062350e-03
7.188562999999914105e+00 4.200111281255341361e-03 -4.172481180265162626e-03
7.193561999999913859e+00 4.179297952225563377e-03 -4.154530917778616154e-03
7.198560999999913612e+00 4.158574130668826405e-03 -4.136670955866030702e-03
7.203559999999913366e+00 4.137939366267647488e-03 -4.118900856800345942e-03
7.208558999999913119e+00 4.117393210886825805e-03 -4.101220185219617460e-03
7.213557999999912873e+00 4.096935218561648280e-03 -4.083628508113884906e-03
7.218556999999912627e+00 4.076564945486168927e-03 -4.066125394812118189e-03
7.223555999999912380e+00 4.056281950001547169e-03 -4.048710416969242623e-03
7.228554999999912134e+00 4.036085792584451215e-03 -4.031383148553243853e-03
7.233553999999911888e+00 4.015976035835529083e-03 -4.014143165832350854e-03
7.238552999999911641e+00 3.995952244467941214e-03 -3.996990047362296988e-03
7.243551999999911395e+00 3.976013985295957266e-03 -3.979923373973659126e-03
7.248550999999911149e+00 3.956160827223614493e-03 -3.962942728759269624e-03
7.253549999999910902e+00 3.936392341233440305e-03 -3.946047697061712441e-03
7.258548999999910656e+00 3.916708100375237284e-03 -3.929237866460886901e-03
7.263547999999910409e+00 3.897107679754930210e-03 -3.912512826761652129e-03
7.268546999999910163e+00 3.877590656523473376e-03 -3.895872169981545209e-03
7.273545999999909917e+00 3.858156609865820343e-03 -3.879315490338571329e-03
7.278544999999909670e+00 3.838805120989953988e-03 -3.862842384239071995e-03
7.283543999999909424e+00 3.819535773115977691e-03 -3.846452450265662633e-03
7.288542999999909178e+00 3.800348151465265077e-03 -3.830145289165246946e-03
7.293541999999908931e+00 3.781241843249671334e-03 -3.813920503837100670e-03
7.298540999999908685e+00 3.762216437660803516e-03 -3.797777699321029047e-03
7.303539999999908439e+00 3.743271525859348092e-03 -3.781716482785595426e-03
7.308538999999908192e+00 3.724406700964460505e-03 -3.765736463516421422e-03
7.313537999999907946e+00 3.705621558043208953e-03 -3.749837252904556894e-03
7.318536999999907700e+00 3.686915694100080174e-03 -3.734018464434920616e-03
7.323535999999907453e+00 3.668288708066539880e-03 -3.718279713674811637e-03
7.328534999999907207e+00 3.649740200790651309e-03 -3.702620618262488297e-03
7.333533999999906960e+00 3.631269775026752314e-03 -3.687040797895817061e-03
7.338532999999906714e+00 3.612877035425185370e-03 -3.671539874320989879e-03
7.343531999999906468e+00 3.594561588522088291e-03 -3.656117471321309199e-03
7.348530999999906221e+00 3.576323042729237425e-03 -3.640773214706040633e-03
7.353529999999905975e+00 3.558161008323947657e-03 -3.625506732299333280e-03
7.358528999999905729e+00 3.540075097439027499e-03 -3.610317653929205530e-03
7.363527999999905482e+00 3.522064924052790112e-03 -3.595205611416598529e-03
7.368526999999905236e+00 3.504130103979116381e-03 -3.580170238564495122e-03
7.373525999999904990e+00 3.486270254857574361e-03 -3.565211171147102988e-03
7.378524999999904743e+00 3.468484996143592937e-03 -3.550328046899104990e-03
7.383523999999904497e+00 3.450773949098687090e-03 -3.535520505504972412e-03
7.388522999999904251e+00 3.433136736780737375e-03 -3.520788188588343248e-03
7.393521999999904004e+00 3.415572984034323609e-03 -3.506130739701463373e-03
7.398520999999903758e+00 3.398082317481108429e-03 -3.491547804314692766e-03
7.403519999999903511e+00 3.380664365510275930e-03 -3.477039029806073319e-03
7.408518999999903265e+00 3.363318758269020613e-03 -3.462604065450958658e-03
7.413517999999903019e+00 3.346045127653089236e-03 -3.448242562411709018e-03
7.418516999999902772e+00 3.328843107297371675e-03 -3.433954173727444669e-03
7.423515999999902526e+00 3.311712332566546426e-03 -3.419738554303861783e-03
7.428514999999902280e+00 3.294652440545773383e-03 -3.405595360903110758e-03
7.433513999999902033e+00 3.277663070031439519e-03 -3.391524252133733524e-03
7.438512999999901787e+00 3.260743861521953578e-03 -3.377524888440661989e-03
7.443511999999901541e+00 3.243894457208590203e-03 -3.363596932095274609e-03
7.448510999999901294e+00 3.227114500966385673e-03 -3.349740047185515834e-03
7.453509999999901048e+00 3.210403638345080048e-03 -3.335953899606071502e-03
7.458508999999900801e+00 3.193761516560110047e-03 -3.322238157048603650e-03
7.463507999999900555e+00 3.177187784483650936e-03 -3.308592488992045163e-03
7.468506999999900309e+00 3.160682092635705258e-03 -3.295016566692951249e-03
7.473505999999900062e+00 3.144244093175241426e-03 -3.281510063175908151e-03
7.478504999999899816e+00 3.127873439891377862e-03 -3.268072653224000836e-03
7.483503999999899570e+00 3.111569788194617440e-03 -3.254704013369334910e-03
7.488502999999899323e+00 3.095332795108126159e-03 -3.241403821883617493e-03
7.493501999999899077e+00 3.079162119259062132e-03 -3.228171758768794055e-03
7.498500999999898831e+00 3.063057420869947506e-03 -3.215007505747739455e-03
7.503499999999898584e+00 3.047018361750090248e-03 -3.201910746255006227e-03
7.508498999999898338e+00 3.031044605287049748e-03 -3.188881165427626639e-03
7.513497999999898092e+00 3.015135816438148809e-03 -3.175918450095970708e-03
7.518496999999897845e+00 2.999291661722031620e-03 -3.163022288774658408e-03
7.523495999999897599e+00 2.983511809210266826e-03 -3.150192371653525239e-03
7.528494999999897352e+00 2.967795928518996134e-03 -3.137428390588642424e-03
7.533493999999897106e+00 2.952143690800625858e-03 -3.124730039093389592e-03
7.538492999999896860e+00 2.936554768735565729e-03 -3.112097012329582534e-03
7.543491999999896613e+00 2.921028836524008909e-03 -3.099529007098651267e-03
7.548490999999896367e+00 2.905565569877758842e-03 -3.087025721832871872e-03
7.553489999999896121e+00 2.890164646012097736e-03 -3.074586856586651248e-03
7.558488999999895874e+00 2.874825743637699285e-03 -3.062212113027860862e-03
7.563487999999895628e+00 2.859548542952584319e-03 -3.049901194429226019e-03
7.568486999999895382e+00 2.844332725634120262e-03 -3.037653805659761962e-03
7.573485999999895135e+00 2.829177974831062221e-03 -3.025469653176264193e-03
7.578484999999894889e+00 2.814083975155636571e-03 -3.013348445014847349e-03
7.583483999999894642e+00 2.799050412675667052e-03 -3.001289890782536142e-03
7.588482999999894396e+00 2.784076974906742920e-03 -2.989293701648903546e-03
7.593481999999894150e+00 2.769163350804428308e-03 -2.977359590337760615e-03
7.598480999999893903e+00 2.754309230756513648e-03 -2.965487271118895287e-03
7.603479999999893657e+00 2.739514306575307426e-03 -2.953676459799858909e-03
7.608478999999893411e+00 2.724778271489970011e-03 -2.941926873717803925e-03
7.613477999999893164e+00 2.710100820138886500e-03 -2.930238231731367108e-03
7.618476999999892918e+00 2.695481648562081649e-03 -2.918610254212602225e-03
7.623475999999892672e+00 2.680920454193674689e-03 -2.907042663038960847e-03
7.628474999999892425e+00 2.666416935854372741e-03 -2.895535181585319560e-03
7.633473999999892179e+00 2.651970793744005874e-03 -2.884087534716055744e-03
7.638472999999891933e+00 2.637581729434100748e-03 -2.872699448777168898e-03
7.643471999999891686e+00 2.623249445860492864e-03 -2.861370651588448794e-03
7.648470999999891440e+00 2.608973647315979572e-03 -2.850100872435690474e-03
7.653469999999891193e+00 2.594754039443010387e-03 -2.838889842062955644e-03
7.658468999999890947e+00 2.580590329226415888e-03 -2.827737292664877881e-03
7.663467999999890701e+00 2.566482224986176529e-03 -2.816642957879016401e-03
7.668466999999890454e+00 2.552429436370227001e-03 -2.805606572778251030e-03
7.673465999999890208e+00 2.538431674347301804e-03 -2.794627873863226187e-03
7.678464999999889962e+00 2.524488651199815071e-03 -2.783706599054836493e-03
7.683463999999889715e+00 2.510600080516780293e-03 -2.772842487686757486e-03
7.688462999999889469e+00 2.496765677186766046e-03 -2.762035280498022303e-03
7.693461999999889223e+00 2.482985157390889003e-03 -2.751284719625638701e-03
7.698460999999888976e+00 2.469258238595844254e-03 -2.740590548597252474e-03
7.703459999999888730e+00 2.455584639546971610e-03 -2.729952512323852946e-03
7.708458999999888484e+00 2.441964080261357917e-03 -2.719370357092521385e-03
7.713457999999888237e+00 2.428396282020976217e-03 -2.708843830559223235e-03
7.718456999999887991e+00 2.414880967365861351e-03 -2.698372681741641535e-03
7.723455999999887744e+00 2.401417860087320250e-03 -2.687956661012052412e-03
7.728454999999887498e+00 2.388006685221176918e-03 -2.677595520090244371e-03
7.733453999999887252e+00 2.374647169041055154e-03 -2.667289012036477489e-03
7.738452999999887005e+00 2.361339039051694230e-03 -2.657036891244484236e-03
7.743451999999886759e+00 2.348082023982301422e-03 -2.646838913434512806e-03
7.748450999999886513e+00 2.334875853779936217e-03 -2.636694835646409898e-03
7.753449999999886266e+00 2.321720259602933108e-03 -2.626604416232745150e-03
7.758448999999886020e+00 2.308614973814354307e-03 -2.616567414851975019e-03
7.763447999999885774e+00 2.295559729975479770e-03 -2.606583592461648308e-03
7.768446999999885527e+00 2.282554262839329301e-03 -2.596652711311650281e-03
7.773445999999885281e+00 2.269598308344220224e-03 -2.586774534937487987e-03
7.778444999999885034e+00 2.256691603607355410e-03 -2.576948828153612439e-03
7.783443999999884788e+00 2.243833886918448171e-03 -2.567175357046783731e-03
7.788442999999884542e+00 2.231024897733377074e-03 -2.557453888969471283e-03
7.793441999999884295e+00 2.218264376667876316e-03 -2.547784192533295716e-03
7.798440999999884049e+00 2.205552065491256028e-03 -2.538166037602508467e-03
7.803439999999883803e+00 2.192887707120158569e-03 -2.528599195287509118e-03
7.808438999999883556e+00 2.180271045612343882e-03 -2.519083437938400474e-03
7.813437999999883310e+00 2.167701826160507803e-03 -2.509618539138582655e-03
7.818436999999883064e+00 2.155179795086133773e-03 -2.500204273698384931e-03
7.823435999999882817e+00 2.142704699833374894e-03 -2.490840417648733113e-03
7.828434999999882571e+00 2.130276288962968095e-03 -2.481526748234855976e-03
7.833433999999882325e+00 2.117894312146179070e-03 -2.472263043910027241e-03
7.838432999999882078e+00 2.105558520158779326e-03 -2.463049084329345297e-03
7.843431999999881832e+00 2.093268664875053142e-03 -2.453884650343548905e-03
7.848430999999881585e+00 2.081024499261836195e-03 -2.444769523992868909e-03
7.853429999999881339e+00 2.068825777372584971e-03 -2.435703488500916801e-03
7.858428999999881093e+00 2.056672254341475672e-03 -2.426686328268608424e-03
7.863427999999880846e+00 2.044563686377534779e-03 -2.417717828868123225e-03
7.868426999999880600e+00 2.032499830758797369e-03 -2.408797777036899082e-03
7.873425999999880354e+00 2.020480445826498828e-03 -2.399925960671662681e-03
7.878424999999880107e+00 2.008505290979293451e-03 -2.391102168822494163e-03
7.883423999999879861e+00 1.996574126667502967e-03 -2.382326191686927764e-03
7.888422999999879615e+00 1.984686714387396723e-03 -2.373597820604084543e-03
7.893421999999879368e+00 1.972842816675497886e-03 -2.364916848048842848e-03
7.898420999999879122e+00 1.961042197102921304e-03 -2.356283067626039566e-03
7.903419999999878875e+00 1.949284620269738913e-03 -2.347696274064708238e-03
7.908418999999878629e+00 1.937569851799374188e-03 -2.339156263212348406e-03
7.913417999999878383e+00 1.925897658333025012e-03 -2.330662832029230074e-03
7.918416999999878136e+00 1.914267807524115380e-03 -2.322215778582731576e-03
7.923415999999877890e+00 1.902680068032775069e-03 -2.313814902041708664e-03
7.928414999999877644e+00 1.891134209520347513e-03 -2.305460002670899154e-03
7.933413999999877397e+00 1.879630002643924548e-03 -2.297150881825358801e-03
7.938412999999877151e+00 1.868167219050911095e-03 -2.288887341944929269e-03
7.943411999999876905e+00 1.856745631373614772e-03 -2.280669186548739923e-03
7.948410999999876658e+00 1.845365013223864998e-03 -2.272496220229740412e-03
7.953409999999876412e+00 1.834025139187658339e-03 -2.264368248649266217e-03
7.958408999999876166e+00 1.822725784819831168e-03 -2.256285078531635423e-03
7.963407999999875919e+00 1.811466726638759220e-03 -2.248246517658776707e-03
7.968406999999875673e+00 1.800247742121084248e-03 -2.240252374864890299e-03
7.973405999999875426e+00 1.789068609696466269e-03 -2.232302460031137560e-03
7.978404999999875180e+00 1.777929108742363996e-03 -2.224396584080364815e-03
7.983403999999874934e+00 1.766829019578839777e-03 -2.216534558971854519e-03
7.988402999999874687e+00 1.755768123463391853e-03 -2.208716197696110242e-03
7.993401999999874441e+00 1.744746202585812419e-03 -2.200941314269669845e-03
7.998400999999874195e+00 1.733763040063070844e-03 -2.193209723729950753e-03
8.003399999999874836e+00 1.722818419934223555e-03 -2.185521242130123408e-03
8.008398999999874590e+00 1.711912127155349080e-03 -2.177875686534015958e-03
8.013397999999874344e+00 1.701043947594508025e-03 -2.170272875011049294e-03
8.018396999999874097e+00 1.690213668026729291e-03 -2.162712626631199848e-03
8.023395999999873851e+00 1.679421076129020141e-03 -2.155194761459993183e-03
8.028394999999873605e+00 1.668665960475402719e-03 -2.147719100553526200e-03
8.033393999999873358e+00 1.657948110531973782e-03 -2.140285465953518842e-03
8.038392999999873112e+00 1.647267316651990221e-03 -2.132893680682394419e-03
8.043391999999872866e+00 1.636623370070978880e-03 -2.125543568738388987e-03
8.048390999999872619e+00 1.626016062901870654e-03 -2.118234955090688050e-03
8.053389999999872373e+00 1.615445188130158229e-03 -2.110967665674594058e-03
8.058388999999872127e+00 1.604910539609079399e-03 -2.103741527386719483e-03
8.063387999999871880e+00 1.594411912054822730e-03 -2.096556368080209395e-03
8.068386999999871634e+00 1.583949101041757937e-03 -2.089412016559992653e-03
8.073385999999871387e+00 1.573521902997689677e-03 -2.082308302578058257e-03
8.078384999999871141e+00 1.563130115199135202e-03 -2.075245056828762050e-03
8.083383999999870895e+00 1.552773535766624989e-03 -2.068222110944159444e-03
8.088382999999870648e+00 1.542451963660026581e-03 -2.061239297489365040e-03
8.093381999999870402e+00 1.532165198673892054e-03 -2.054296449957940859e-03
8.098380999999870156e+00 1.521913041432828044e-03 -2.047393402767309738e-03
8.103379999999869909e+00 1.511695293386888751e-03 -2.040529991254196041e-03
8.108378999999869663e+00 1.501511756806991936e-03 -2.033706051670094560e-03
8.113377999999869417e+00 1.491362234780356814e-03 -2.026921421176763275e-03
8.118376999999869170e+00 1.481246531205965148e-03 -2.020175937841744290e-03
8.123375999999868924e+00 1.471164450790044464e-03 -2.013469440633910371e-03
8.128374999999868677e+00 1.461115799041573168e-03 -2.006801769419036194e-03
8.133373999999868431e+00 1.451100382267808209e-03 -2.000172764955399085e-03
8.138372999999868185e+00 1.441118007569833779e-03 -1.993582268889401016e-03
8.143371999999867938e+00 1.431168482838133214e-03 -1.987030123751218780e-03
8.148370999999867692e+00 1.421251616748181500e-03 -1.980516172950479766e-03
8.153369999999867446e+00 1.411367218756059668e-03 -1.974040260771960705e-03
8.158368999999867199e+00 1.401515099094090668e-03 -1.967602232371314618e-03
8.163367999999866953e+00 1.391695068766496271e-03 -1.961201933770820305e-03
8.168366999999866707e+00 1.381906939545075657e-03 -1.954839211855156998e-03
8.173365999999866460e+00 1.372150523964904599e-03 -1.948513914367205674e-03
8.178364999999866214e+00 1.362425635320056120e-03 -1.942225889903871844e-03
8.183363999999865968e+00 1.352732087659340877e-03 -1.935974987911935228e-03
8.188362999999865721e+00 1.343069695782069667e-03 -1.929761058683922628e-03
8.193361999999865475e+00 1.333438275233835664e-03 -1.923583953354004658e-03
8.198360999999865228e+00 1.323837642302317036e-03 -1.917443523893917192e-03
8.203359999999864982e+00 1.314267614013099952e-03 -1.911339623108906450e-03
8.208358999999864736e+00 1.304728008125522615e-03 -1.905272104633697061e-03
8.213357999999864489e+00 1.295218643128538162e-03 -1.899240822928484427e-03
8.218356999999864243e+00 1.285739338236597954e-03 -1.893245633274950922e-03
8.223355999999863997e+00 1.276289913385555671e-03 -1.887286391772304006e-03
8.228354999999863750e+00 1.266870189228589414e-03 -1.881362955333338617e-03
8.233353999999863504e+00 1.257479987132145271e-03 -1.875475181680522118e-03
8.238352999999863258e+00 1.248119129171898663e-03 -1.869622929342102660e-03
8.243351999999863011e+00 1.238787438128736290e-03 -1.863806057648239450e-03
8.248350999999862765e+00 1.229484737484757379e-03 -1.858024426727156652e-03
8.253349999999862519e+00 1.220210851419293143e-03 -1.852277897501318537e-03
8.258348999999862272e+00 1.210965604804946187e-03 -1.846566331683628269e-03
8.263347999999862026e+00 1.201748823203648356e-03 -1.840889591773648380e-03
8.268346999999861779e+00 1.192560332862737868e-03 -1.835247541053843358e-03
8.273345999999861533e+00 1.183399960711054672e-03 -1.829640043585844134e-03
8.278344999999861287e+00 1.174267534355055102e-03 -1.824066964206734693e-03
8.283343999999861040e+00 1.165162882074944305e-03 -1.818528168525360362e-03
8.288342999999860794e+00 1.156085832820827330e-03 -1.813023522918657355e-03
8.293341999999860548e+00 1.147036216208878641e-03 -1.807552894528004651e-03
8.298340999999860301e+00 1.138013862517530056e-03 -1.802116151255596464e-03
8.303339999999860055e+00 1.129018602683675831e-03 -1.796713161760835759e-03
8.308338999999859809e+00 1.120050268298896810e-03 -1.791343795456750527e-03
8.313337999999859562e+00 1.111108691605701936e-03 -1.786007922506428714e-03
8.318336999999859316e+00 1.102193705493787314e-03 -1.780705413819475913e-03
8.323335999999859069e+00 1.093305143496313718e-03 -1.775436141048493226e-03
8.328334999999858823e+00 1.084442839786200347e-03 -1.770199976585575506e-03
8.333333999999858577e+00 1.075606629172437458e-03 -1.764996793558830422e-03
8.338332999999858330e+00 1.066796347096415258e-03 -1.759826465828918116e-03
8.343331999999858084e+00 1.058011829628270790e-03 -1.754688867985610811e-03
8.348330999999857838e+00 1.049252913463251521e-03 -1.749583875344372808e-03
8.353329999999857591e+00 1.040519435918096057e-03 -1.744511363942960426e-03
8.358328999999857345e+00 1.031811234927432208e-03 -1.739471210538042325e-03
8.363327999999857099e+00 1.023128149040190881e-03 -1.734463292601839133e-03
8.368326999999856852e+00 1.014470017416037968e-03 -1.729487488318783451e-03
8.373325999999856606e+00 1.005836679821822286e-03 -1.724543676582198509e-03
8.378324999999856360e+00 9.972279766280397768e-04 -1.719631736990997637e-03
8.383323999999856113e+00 9.886437488053146164e-04 -1.714751549846402169e-03
8.388322999999855867e+00 9.800838379208965962e-04 -1.709902996148679293e-03
8.393321999999855620e+00 9.715480861351746518e-04 -1.705085957593898121e-03
8.398320999999855374e+00 9.630363361982066574e-04 -1.700300316570706356e-03
8.403319999999855128e+00 9.545484314462651578e-04 -1.695545956157124522e-03
8.408318999999854881e+00 9.460842157983993632e-04 -1.690822760117359925e-03
8.413317999999854635e+00 9.376435337530125399e-04 -1.686130612898639487e-03
8.418316999999854389e+00 9.292262303844556637e-04 -1.681469399628060350e-03
8.423315999999854142e+00 9.208321513396365782e-04 -1.676839006109459573e-03
8.428314999999853896e+00 9.124611428346446557e-04 -1.672239318820303118e-03
8.433313999999853650e+00 9.041130516513911806e-04 -1.667670224908591754e-03
8.438312999999853403e+00 8.957877251342650192e-04 -1.663131612189786262e-03
8.443311999999853157e+00 8.874850111868035768e-04 -1.658623369143749767e-03
8.448310999999852910e+00 8.792047582683790424e-04 -1.654145384911709805e-03
8.453309999999852664e+00 8.709468153908998117e-04 -1.649697549293236429e-03
8.458308999999852418e+00 8.627110321155269813e-04 -1.645279752743239845e-03
8.463307999999852171e+00 8.544972585494058038e-04 -1.640891886368984511e-03
8.468306999999851925e+00 8.463053453424118893e-04 -1.636533841927121681e-03
8.473305999999851679e+00 8.381351436839124761e-04 -1.632205511820739290e-03
8.478304999999851432e+00 8.299865052995419054e-04 -1.627906789096429186e-03
8.483303999999851186e+00 8.218592824479923828e-04 -1.623637567441372142e-03
8.488302999999850940e+00 8.137533279178187258e-04 -1.619397741180439573e-03
8.493301999999850693e+00 8.056684950242577487e-04 -1.615187205273312804e-03
8.498300999999850447e+00 7.976046376060622837e-04 -1.611005855311619262e-03
8.503299999999850201e+00 7.895616100223488629e-04 -1.606853587516086229e-03
8.508298999999849954e+00 7.815392671494601458e-04 -1.602730298733710205e-03
8.513297999999849708e+00 7.735374643778410077e-04 -1.598635886434944487e-03
8.518296999999849461e+00 7.655560576089291561e-04 -1.594570248710903016e-03
8.523295999999849215e+00 7.575949032520591913e-04 -1.590533284270580043e-03
8.528294999999848969e+00 7.496538582213808704e-04 -1.586524892438087803e-03
8.533293999999848722e+00 7.417327799327910320e-04 -1.582544973149908928e-03
8.538292999999848476e+00 7.338315263008789646e-04 -1.578593426952167077e-03
8.543291999999848230e+00 7.259499557358857621e-04 -1.574670154997912094e-03
8.548290999999847983e+00 7.180879271406771227e-04 -1.570775059044422729e-03
8.553289999999847737e+00 7.102452999077293752e-04 -1.566908041450524539e-03
8.558288999999847491e+00 7.024219339161289497e-04 -1.563069005173924053e-03
8.563287999999847244e+00 6.946176895285856171e-04 -1.559257853768558980e-03
8.568286999999846998e+00 6.868324275884578724e-04 -1.555474491381964464e-03
8.573285999999846752e+00 6.790660094167927374e-04 -1.551718822752654308e-03
8.578284999999846505e+00 6.713182968093774896e-04 -1.547990753207518447e-03
8.583283999999846259e+00 6.635891520338051608e-04 -1.544290188659236266e-03
8.588282999999846012e+00 6.558784378265523950e-04 -1.540617035603704648e-03
8.593281999999845766e+00 6.481860173900703178e-04 -1.536971201117482084e-03
8.598280999999845520e+00 6.405117543898885234e-04 -1.533352592855247729e-03
8.603279999999845273e+00 6.328555129517309885e-04 -1.529761119047275651e-03
8.608278999999845027e+00 6.252171576586449970e-04 -1.526196688496924683e-03
8.613277999999844781e+00 6.175965535481427486e-04 -1.522659210578142805e-03
8.618276999999844534e+00 6.099935661093550034e-04 -1.519148595232987144e-03
8.623275999999844288e+00 6.024080612801973027e-04 -1.515664752969158278e-03
8.628274999999844042e+00 5.948399054445485494e-04 -1.512207594857549508e-03
8.633273999999843795e+00 5.872889654294415149e-04 -1.508777032529811518e-03
8.638272999999843549e+00 5.797551085022659232e-04 -1.505372978175930493e-03
8.643271999999843302e+00 5.722382023679831349e-04 -1.501995344541822265e-03
8.648270999999843056e+00 5.647381151663530838e-04 -1.498644044926939920e-03
8.653269999999842810e+00 5.572547154691731390e-04 -1.495318993181896355e-03
8.658268999999842563e+00 5.497878722775288935e-04 -1.492020103706100716e-03
8.663267999999842317e+00 5.423374550190562284e-04 -1.488747291445410023e-03
8.668266999999842071e+00 5.349033335452159539e-04 -1.485500471889794009e-03
8.673265999999841824e+00 5.274853781285791842e-04 -1.482279561071014710e-03
8.678264999999841578e+00 5.200834594601248546e-04 -1.479084475560319941e-03
8.683263999999841332e+00 5.126974486465486237e-04 -1.475915132466150631e-03
8.688262999999841085e+00 5.053272172075831594e-04 -1.472771449431862925e-03
8.693261999999840839e+00 4.979726370733295916e-04 -1.469653344633462411e-03
8.698260999999840593e+00 4.906335805816004585e-04 -1.466560736777353536e-03
8.703259999999840346e+00 4.833099204752740901e-04 -1.463493545098102895e-03
8.708258999999840100e+00 4.760015298996596181e-04 -1.460451689356214670e-03
8.713257999999839853e+00 4.687082823998734230e-04 -1.457435089835921235e-03
8.718256999999839607e+00 4.614300519182265321e-04 -1.454443667342985918e-03
8.723255999999839361e+00 4.541667127916230225e-04 -1.451477343202520502e-03
8.728254999999839114e+00 4.469181397489690490e-04 -1.448536039256814647e-03
8.733253999999838868e+00 4.396842079085930386e-04 -1.445619677863179851e-03
8.738252999999838622e+00 4.324647927756763489e-04 -1.442728181891805763e-03
8.743251999999838375e+00 4.252597702396947676e-04 -1.439861474723629943e-03
8.748250999999838129e+00 4.180690165718705829e-04 -1.437019480248220848e-03
8.753249999999837883e+00 4.108924084226351714e-04 -1.434202122861673616e-03
8.758248999999837636e+00 4.037298228191022104e-04 -1.431409327464518415e-03
8.763247999999837390e+00 3.965811371625509738e-04 -1.428641019459642473e-03
8.768246999999837143e+00 3.894462292259204695e-04 -1.425897124750224445e-03
8.773245999999836897e+00 3.823249771513134981e-04 -1.423177569737681374e-03
8.778244999999836651e+00 3.752172594475111189e-04 -1.420482281319628438e-03
8.783243999999836404e+00 3.681229549874970915e-04 -1.417811186887851706e-03
8.788242999999836158e+00 3.610419430059927251e-04 -1.415164214326292396e-03
8.793241999999835912e+00 3.539741030970015401e-04 -1.412541292009044779e-03
8.798240999999835665e+00 3.469193152113640125e-04 -1.409942348798365807e-03
8.803239999999835419e+00 3.398774596543220226e-04 -1.407367314042697526e-03
8.808238999999835173e+00 3.328484170830936029e-04 -1.404816117574700764e-03
8.813237999999834926e+00 3.258320685044569561e-04 -1.402288689709302707e-03
8.818236999999834680e+00 3.188282952723447191e-04 -1.399784961241754650e-03
8.823235999999834434e+00 3.118369790854473881e-04 -1.397304863445703645e-03
8.828234999999834187e+00 3.048580019848268815e-04 -1.394848328071274972e-03
8.833233999999833941e+00 2.978912463515391009e-04 -1.392415287343166984e-03
8.838232999999833694e+00 2.909365949042665763e-04 -1.390005673958758306e-03
8.843231999999833448e+00 2.839939306969600005e-04 -1.387619421086225659e-03
8.848230999999833202e+00 2.770631371164895222e-04 -1.385256462362674914e-03
8.853229999999832955e+00 2.701440978803051462e-04 -1.382916731892282983e-03
8.858228999999832709e+00 2.632366970341066203e-04 -1.380600164244451429e-03
8.863227999999832463e+00 2.563408189495221040e-04 -1.378306694451971771e-03
8.868226999999832216e+00 2.494563483217964329e-04 -1.376036258009202731e-03
8.873225999999831970e+00 2.425831701674882731e-04 -1.373788790870258307e-03
8.878224999999831724e+00 2.357211698221762478e-04 -1.371564229447207791e-03
8.883223999999831477e+00 2.288702329381740893e-04 -1.369362510608286825e-03
8.888222999999831231e+00 2.220302454822547632e-04 -1.367183571676119968e-03
8.893221999999830985e+00 2.152010937333833751e-04 -1.365027350425954307e-03
8.898220999999830738e+00 2.083826642804588848e-04 -1.362893785083905008e-03
8.903219999999830492e+00 2.015748440200645778e-04 -1.360782814325210395e-03
8.908218999999830245e+00 1.947775201542272894e-04 -1.358694377272500050e-03
8.913217999999829999e+00 1.879905801881851413e-04 -1.356628413494072880e-03
8.918216999999829753e+00 1.812139119281639516e-04 -1.354584863002185596e-03
8.923215999999829506e+00 1.744474034791621009e-04 -1.352563666251353769e-03
8.928214999999829260e+00 1.676909432427439912e-04 -1.350564764136662427e-03
8.933213999999829014e+00 1.609444199148417722e-04 -1.348588097992087492e-03
8.938212999999828767e+00 1.542077224835655235e-04 -1.346633609588829359e-03
8.943211999999828521e+00 1.474807402270216774e-04 -1.344701241133654723e-03
8.948210999999828275e+00 1.407633627111397898e-04 -1.342790935267252055e-03
8.953209999999828028e+00 1.340554797875074427e-04 -1.340902635062594678e-03
8.958208999999827782e+00 1.273569815912132782e-04 -1.339036284023317064e-03
8.963207999999827535e+00 1.206677585386982588e-04 -1.337191826082099588e-03
8.968206999999827289e+00 1.139877013256147885e-04 -1.335369205599064996e-03
8.973205999999827043e+00 1.073167009246939375e-04 -1.333568367360184409e-03
8.978204999999826796e+00 1.006546485836206099e-04 -1.331789256575694391e-03
8.983203999999826550e+00 9.400143582291655721e-05 -1.330031818878523982e-03
8.988202999999826304e+00 8.735695443383126627e-05 -1.328296000322731719e-03
8.993201999999826057e+00 8.072109647624059958e-05 -1.326581747381953271e-03
8.998200999999825811e+00 7.409375427655320065e-05 -1.324889006947859273e-03
9.003199999999825565e+00 6.747482042562455689e-05 -1.323217726328622694e-03
9.008198999999825318e+00 6.086418777667874664e-05 -1.321567853247396620e-03
9.013197999999825072e+00 5.426174944323769434e-05 -1.319939335840802008e-03
9.018196999999824826e+00 4.766739879705803544e-05 -1.318332122657425633e-03
9.023195999999824579e+00 4.108102946607542166e-05 -1.316746162656327358e-03
9.028194999999824333e+00 3.450253533235626656e-05 -1.315181405205557595e-03
9.033193999999824086e+00 2.793181053005690774e-05 -1.313637800080684741e-03
9.038192999999823840e+00 2.136874944339007388e-05 -1.312115297463332161e-03
9.043191999999823594e+00 1.481324670459864976e-05 -1.310613847939724481e-03
9.048190999999823347e+00 8.265197191936691969e-06 -1.309133402499244305e-03
9.053189999999823101e+00 1.724496027657630720e-06 -1.307673912532998249e-03
9.058188999999822855e+00 -4.808961423990386038e-06 -1.306235329832392076e-03
9.063187999999822608e+00 -1.133527955876204705e-05 -1.304817606587716254e-03
9.068186999999822362e+00 -1.785456253440538484e-05 -1.303420695386740174e-03
9.073185999999822116e+00 -2.436691427264528633e-05 -1.302044549213316133e-03
9.078184999999821869e+00 -3.087243846116002389e-05 -1.300689121445992641e-03
9.083183999999821623e+00 -3.737123855555091526e-05 -1.299354365856637264e-03
9.088182999999821376e+00 -4.386341778130509200e-05 -1.298040236609068797e-03
9.093181999999821130e+00 -5.034907913575146121e-05 -1.296746688257698109e-03
9.098180999999820884e+00 -5.682832539000990453e-05 -1.295473675746178959e-03
9.103179999999820637e+00 -6.330125909093374829e-05 -1.294221154406067272e-03
9.108178999999820391e+00 -6.976798256304555905e-05 -1.292989079955489959e-03
9.113177999999820145e+00 -7.622859791046628487e-05 -1.291777408497823271e-03
9.118176999999819898e+00 -8.268320701883785748e-05 -1.290586096520378746e-03
9.123175999999819652e+00 -8.913191155723920788e-05 -1.289415100893100000e-03
9.128174999999819406e+00 -9.557481298009579032e-05 -1.288264378867266888e-03
9.133173999999819159e+00 -1.020120125290826960e-04 -1.287133888074209857e-03
9.138172999999818913e+00 -1.084436112350212883e-04 -1.286023586524031670e-03
9.143171999999818667e+00 -1.148697099197695505e-04 -1.284933432604339759e-03
9.148170999999818420e+00 -1.212904091981060491e-04 -1.283863385078985730e-03
9.153169999999818174e+00 -1.277058094796076773e-04 -1.282813403086814847e-03
9.158168999999817927e+00 -1.341160109705210831e-04 -1.281783446140423314e-03
9.163167999999817681e+00 -1.405211136756280522e-04 -1.280773474124925109e-03
9.168166999999817435e+00 -1.469212174001045899e-04 -1.279783447296726400e-03
9.173165999999817188e+00 -1.533164217513739713e-04 -1.278813326282309286e-03
9.178164999999816942e+00 -1.597068261409537615e-04 -1.277863072077024213e-03
9.183163999999816696e+00 -1.660925297862967634e-04 -1.276932646043890413e-03
9.188162999999816449e+00 -1.724736317126260299e-04 -1.276022009912404585e-03
9.193161999999816203e+00 -1.788502307547638860e-04 -1.275131125777358891e-03
9.198160999999815957e+00 -1.852224255589551502e-04 -1.274259956097666992e-03
9.203159999999815710e+00 -1.915903145846844201e-04 -1.273408463695197869e-03
9.208158999999815464e+00 -1.979539961064876385e-04 -1.272576611753618555e-03
9.213157999999815218e+00 -2.043135682157578323e-04 -1.271764363817245091e-03
9.218156999999814971e+00 -2.106691288225450776e-04 -1.270971683789901734e-03
9.223155999999814725e+00 -2.170207756573509360e-04 -1.270198535933787960e-03
9.228154999999814478e+00 -2.233686062729171168e-04 -1.269444884868354368e-03
9.233153999999814232e+00 -2.297127180460085559e-04 -1.268710695569185733e-03
9.238152999999813986e+00 -2.360532081791910197e-04 -1.267995933366893166e-03
9.243151999999813739e+00 -2.423901737026030708e-04 -1.267300563946013653e-03
9.248150999999813493e+00 -2.487237114757226398e-04 -1.266624553343918044e-03
9.253149999999813247e+00 -2.550539181891281221e-04 -1.265967867949726851e-03
9.258148999999813000e+00 -2.613808903662541080e-04 -1.265330474503233854e-03
9.263147999999812754e+00 -2.677047243651416641e-04 -1.264712340093837508e-03
9.268146999999812508e+00 -2.740255163801834110e-04 -1.264113432159480813e-03
9.273145999999812261e+00 -2.803433624438631802e-04 -1.263533718485598985e-03
9.278144999999812015e+00 -2.866583584284906829e-04 -1.262973167204073637e-03
9.283143999999811768e+00 -2.929706000479305960e-04 -1.262431746792196932e-03
9.288142999999811522e+00 -2.992801828593267687e-04 -1.261909426071641587e-03
9.293141999999811276e+00 -3.055872022648213333e-04 -1.261406174207439562e-03
9.298140999999811029e+00 -3.118917535132685040e-04 -1.260921960706967888e-03
9.303139999999810783e+00 -3.181939317019433873e-04 -1.260456755418942970e-03
9.308138999999810537e+00 -3.244938317782460231e-04 -1.260010528532421164e-03
9.313137999999810290e+00 -3.307915485414001126e-04 -1.259583250575808467e-03
9.318136999999810044e+00 -3.370871766441469754e-04 -1.259174892415876497e-03
9.323135999999809798e+00 -3.433808105944346828e-04 -1.258785425256786928e-03
9.328134999999809551e+00 -3.496725447571022026e-04 -1.258414820639122429e-03
9.333133999999809305e+00 -3.559624733555587207e-04 -1.258063050438926059e-03
9.338132999999809059e+00 -3.622506904734582988e-04 -1.257730086866747608e-03
9.343131999999808812e+00 -3.685372900563696551e-04 -1.257415902466696867e-03
9.348130999999808566e+00 -3.748223659134412270e-04 -1.257120470115505144e-03
9.353129999999808319e+00 -3.811060117190617899e-04 -1.256843763021593501e-03
9.358128999999808073e+00 -3.873883210145160337e-04 -1.256585754724148579e-03
9.363127999999807827e+00 -3.936693872096359652e-04 -1.256346419092205366e-03
9.368126999999807580e+00 -3.999493035844473780e-04 -1.256125730323737547e-03
9.373125999999807334e+00 -4.062281632908120929e-04 -1.255923662944754800e-03
9.378124999999807088e+00 -4.125060593540655373e-04 -1.255740191808407463e-03
9.383123999999806841e+00 -4.187830846746497704e-04 -1.255575292094098135e-03
9.388122999999806595e+00 -4.250593320297424427e-04 -1.255428939306600655e-03
9.393121999999806349e+00 -4.313348940748808766e-04 -1.255301109275185588e-03
9.398120999999806102e+00 -4.376098633455823526e-04 -1.255191778152753724e-03
9.403119999999805856e+00 -4.438843322589594619e-04 -1.255100922414975661e-03
9.408118999999805609e+00 -4.501583931153317728e-04 -1.255028518859438967e-03
9.413117999999805363e+00 -4.564321380998327812e-04 -1.254974544604801857e-03
9.418116999999805117e+00 -4.627056592840130119e-04 -1.254938977089954232e-03
9.423115999999804870e+00 -4.689790486274385663e-04 -1.254921794073185449e-03
9.428114999999804624e+00 -4.752523979792859835e-04 -1.254922973631359025e-03
9.433113999999804378e+00 -4.815257990799324942e-04 -1.254942494159093846e-03
9.438112999999804131e+00 -4.877993435625426421e-04 -1.254980334367952971e-03
9.443111999999803885e+00 -4.940731229546506224e-04 -1.255036473285638500e-03
9.448110999999803639e+00 -5.003472286797385014e-04 -1.255110890255193385e-03
9.453109999999803392e+00 -5.066217520588109108e-04 -1.255203564934209964e-03
9.458108999999803146e+00 -5.128967843119652988e-04 -1.255314477294045862e-03
9.463107999999802900e+00 -5.191724165599586552e-04 -1.255443607619045323e-03
9.468106999999802653e+00 -5.254487398257699565e-04 -1.255590936505768338e-03
9.473105999999802407e+00 -5.317258450361592474e-04 -1.255756444862225849e-03
9.478104999999802160e+00 -5.380038230232226043e-04 -1.255940113907121894e-03
9.483103999999801914e+00 -5.442827645259434117e-04 -1.256141925169101817e-03
9.488102999999801668e+00 -5.505627601917398436e-04 -1.256361860486007644e-03
9.493101999999801421e+00 -5.568439005780088762e-04 -1.256599902004139303e-03
9.498100999999801175e+00 -5.631262761536662883e-04 -1.256856032177523222e-03
9.503099999999800929e+00 -5.694099773006830846e-04 -1.257130233767186781e-03
9.508098999999800682e+00 -5.756950943156185574e-04 -1.257422489840439054e-03
9.513097999999800436e+00 -5.819817174111494452e-04 -1.257732783770158704e-03
9.518096999999800190e+00 -5.882699367175959473e-04 -1.258061099234087732e-03
9.523095999999799943e+00 -5.945598422844438355e-04 -1.258407420214131735e-03
9.528094999999799697e+00 -6.008515240818630958e-04 -1.258771730995666450e-03
9.533093999999799451e+00 -6.071450720022235348e-04 -1.259154016166851020e-03
9.538092999999799204e+00 -6.134405758616065909e-04 -1.259554260617946897e-03
9.543091999999798958e+00 -6.197381254013135683e-04 -1.259972449540643687e-03
9.548090999999798711e+00 -6.260378102893713768e-04 -1.260408568427390632e-03
9.553089999999798465e+00 -6.323397201220338267e-04 -1.260862603070735241e-03
9.558088999999798219e+00 -6.386439444252805381e-04 -1.261334539562666921e-03
9.563087999999797972e+00 -6.449505726563119472e-04 -1.261824364293967753e-03
9.568086999999797726e+00 -6.512596942050416027e-04 -1.262332063953569344e-03
9.573085999999797480e+00 -6.575713983955847747e-04 -1.262857625527915098e-03
9.578084999999797233e+00 -6.638857744877445710e-04 -1.263401036300329646e-03
9.583083999999796987e+00 -6.702029116784939330e-04 -1.263962283850393262e-03
9.588082999999796741e+00 -6.765228991034553550e-04 -1.264541356053323429e-03
9.593081999999796494e+00 -6.828458258383773502e-04 -1.265138241079361622e-03
9.598080999999796248e+00 -6.891717809006074483e-04 -1.265752927393166798e-03
9.603079999999796001e+00 -6.955008532505628071e-04 -1.266385403753214319e-03
9.608078999999795755e+00 -7.018331317931972464e-04 -1.267035659211201157e-03
9.613077999999795509e+00 -7.081687053794656801e-04 -1.267703683111457173e-03
9.618076999999795262e+00 -7.145076628077857289e-04 -1.268389465090362031e-03
9.623075999999795016e+00 -7.208500928254958640e-04 -1.269092995075767972e-03
9.628074999999794770e+00 -7.271960841303112735e-04 -1.269814263286429303e-03
9.633073999999794523e+00 -7.335457253717765852e-04 -1.270553260231436664e-03
9.638072999999794277e+00 -7.398991051527160955e-04 -1.271309976709657794e-03
9.643071999999794031e+00 -7.462563120306805282e-04 -1.272084403809184373e-03
9.648070999999793784e+00 -7.526174345193919514e-04 -1.272876532906783847e-03
9.653069999999793538e+00 -7.589825610901852239e-04 -1.273686355667357764e-03
9.658068999999793292e+00 -7.653517801734470568e-04 -1.274513864043405739e-03
9.663067999999793045e+00 -7.717251801600525816e-04 -1.275359050274494851e-03
9.668066999999792799e+00 -7.781028494027989904e-04 -1.276221906886735105e-03
9.673065999999792552e+00 -7.844848762178364661e-04 -1.277102426692260746e-03
9.678064999999792306e+00 -7.908713488860969441e-04 -1.278000602788717001e-03
9.683063999999792060e+00 -7.972623556547200549e-04 -1.278916428558752455e-03
9.688062999999791813e+00 -8.036579847384767899e-04 -1.279849897669517065e-03
9.693061999999791567e+00 -8.100583243211900231e-04 -1.280801004072166464e-03
9.698060999999791321e+00 -8.164634625571535152e-04 -1.281769742001370813e-03
9.703059999999791074e+00 -8.228734875725476645e-04 -1.282756105974829954e-03
9.708058999999790828e+00 -8.292884874668533064e-04 -1.283760090792794616e-03
9.713057999999790582e+00 -8.357085503142630198e-04 -1.284781691537591761e-03
9.718056999999790335e+00 -8.421337641650900475e-04 -1.285820903573156853e-03
9.723055999999790089e+00 -8.485642170471747233e-04 -1.286877722544570689e-03
9.728054999999789842e+00 -8.549999969672889477e-04 -1.287952144377602732e-03
9.733053999999789596e+00 -8.614411919125381694e-04 -1.289044165278259001e-03
9.738052999999789350e+00 -8.678878898517613074e-04 -1.290153781732335594e-03
9.743051999999789103e+00 -8.743401787369281791e-04 -1.291280990504978720e-03
9.748050999999788857e+00 -8.807981465045347600e-04 -1.292425788640248416e-03
9.753049999999788611e+00 -8.872618810769964922e-04 -1.293588173460689201e-03
9.758048999999788364e+00 -8.937314703640396405e-04 -1.294768142566905507e-03
9.763047999999788118e+00 -9.002070022640898308e-04 -1.295965693837142088e-03
9.768046999999787872e+00 -9.066885646656592862e-04 -1.297180825426870942e-03
9.773045999999787625e+00 -9.131762454487313534e-04 -1.298413535768382348e-03
9.778044999999787379e+00 -9.196701324861435113e-04 -1.299663823570381977e-03
9.783043999999787133e+00 -9.261703136449682102e-04 -1.300931687817593642e-03
9.788042999999786886e+00 -9.326768767878915439e-04 -1.302217127770365947e-03
9.793041999999786640e+00 -9.391899097745902945e-04 -1.303520142964285878e-03
9.798040999999786393e+00 -9.457095004631065928e-04 -1.304840733209796733e-03
9.803039999999786147e+00 -9.522357367112214933e-04 -1.306178898591821248e-03
9.808038999999785901e+00 -9.587687063778256233e-04 -1.307534639469390804e-03
9.813037999999785654e+00 -9.653084973242888550e-04 -1.308907956475278533e-03
9.818036999999785408e+00 -9.718551974158278102e-04 -1.310298850515639359e-03
9.823035999999785162e+00 -9.784088945228716291e-04 -1.311707322769653083e-03
9.828034999999784915e+00 -9.849696765224255721e-04 -1.313133374689175051e-03
9.833033999999784669e+00 -9.915376312994337530e-04 -1.314577007998389644e-03
9.838032999999784423e+00 -9.981128467481394876e-04 -1.316038224693470921e-03
9.843031999999784176e+00 -1.004695410773444233e-03 -1.317517027042246951e-03
9.848030999999783930e+00 -1.011285411292264140e-03 -1.319013417583870000e-03
9.853029999999783684e+00 -1.017882936234886610e-03 -1.320527399128491918e-03
9.858028999999783437e+00 -1.024488073546323376e-03 -1.322058974756943868e-03
9.863027999999783191e+00 -1.031100911187663371e-03 -1.323608147820422125e-03
9.868026999999782944e+00 -1.037721537137423211e-03 -1.325174921940177773e-03
9.873025999999782698e+00 -1.044350039392896159e-03 -1.326759301007212699e-03
9.878024999999782452e+00 -1.050986505971500872e-03 -1.328361289181979486e-03
9.883023999999782205e+00 -1.057631024912126464e-03 -1.329980890894087589e-03
9.888022999999781959e+00 -1.064283684276477997e-03 -1.331618110842012993e-03
9.893021999999781713e+00 -1.070944572150419813e-03 -1.333272953992814145e-03
9.898020999999781466e+00 -1.077613776645317120e-03 -1.334945425581852019e-03
9.903019999999781220e+00 -1.084291385899376504e-03 -1.336635531112515809e-03
9.908018999999780974e+00 -1.090977488078986000e-03 -1.338343276355953397e-03
9.913017999999780727e+00 -1.097672171380051701e-03 -1.340068667350805725e-03
9.918016999999780481e+00 -1.104375524029335438e-03 -1.341811710402948101e-03
9.923015999999780234e+00 -1.111087634285789225e-03 -1.343572412085234768e-03
9.928014999999779988e+00 -1.117808590441889474e-03 -1.345350779237248660e-03
9.933013999999779742e+00 -1.124538480824970130e-03 -1.347146818965056598e-03
9.938012999999779495e+00 -1.131277393798553856e-03 -1.348960538640969244e-03
9.943011999999779249e+00 -1.138025417763682346e-03 -1.350791945903305176e-03
9.948010999999779003e+00 -1.144782641160245777e-03 -1.352641048656160827e-03
9.953009999999778756e+00 -1.151549152468310739e-03 -1.354507855069184532e-03
9.958008999999778510e+00 -1.158325040209447080e-03 -1.356392373577355566e-03
9.963007999999778264e+00 -1.165110392948053887e-03 -1.358294612880768179e-03
9.968006999999778017e+00 -1.171905299292684381e-03 -1.360214581944420601e-03
9.973005999999777771e+00 -1.178709847897369293e-03 -1.362152289998007967e-03
9.978004999999777525e+00 -1.185524127462940025e-03 -1.364107746535721082e-03
9.983003999999777278e+00 -1.192348226738350076e-03 -1.366080961316049319e-03
9.988002999999777032e+00 -1.199182234521995599e-03 -1.368071944361588278e-03
9.993001999999776785e+00 -1.206026239663035744e-03 -1.370080705958852656e-03
9.998000999999776539e+00 -1.212880331062711047e-03 -1.372107256658093013e-03
1.000299999999977629e+01 -1.219744597675661603e-03 -1.374151607273118181e-03
1.000799899999977605e+01 -1.226619128511244154e-03 -1.376213768881121577e-03
1.001299799999977580e+01 -1.233504012634848313e-03 -1.378293752822513365e-03
1.001799699999977555e+01 -1.240399339169212132e-03 -1.380391570700755443e-03
1.002299599999977531e+01 -1.247305197295736374e-03 -1.382507234382202932e-03
1.002799499999977506e+01 -1.254221676255798347e-03 -1.384640755995949352e-03
1.003299399999977481e+01 -1.261148865352065525e-03 -1.386792147933676566e-03
1.003799299999977457e+01 -1.268086853949807000e-03 -1.388961422849509936e-03
1.004299199999977432e+01 -1.275035731478205798e-03 -1.391148593659876937e-03
1.004799099999977408e+01 -1.281995587431669246e-03 -1.393353673543371637e-03
1.005298999999977383e+01 -1.288966511371139774e-03 -1.395576675940623070e-03
1.005798899999977358e+01 -1.295948592925403979e-03 -1.397817614554168388e-03
1.006298799999977334e+01 -1.302941921792401909e-03 -1.400076503348330779e-03
1.006798699999977309e+01 -1.309946587740535478e-03 -1.402353356549101721e-03
1.007298599999977284e+01 -1.316962680609975794e-03 -1.404648188644027577e-03
1.007798499999977260e+01 -1.323990290313971146e-03 -1.406961014382101605e-03
1.008298399999977235e+01 -1.331029506840153030e-03 -1.409291848773659445e-03
1.008798299999977210e+01 -1.338080420251842612e-03 -1.411640707090279804e-03
1.009298199999977186e+01 -1.345143120689356762e-03 -1.414007604864690130e-03
1.009798099999977161e+01 -1.352217698371312778e-03 -1.416392557890675322e-03
1.010297999999977137e+01 -1.359304243595933336e-03 -1.418795582222992513e-03
1.010797899999977112e+01 -1.366402846742350999e-03 -1.421216694177289321e-03
1.011297799999977087e+01 -1.373513598271912514e-03 -1.423655910330027304e-03
1.011797699999977063e+01 -1.380636588729481804e-03 -1.426113247518409535e-03
1.012297599999977038e+01 -1.387771908744743401e-03 -1.428588722840312079e-03
1.012797499999977013e+01 -1.394919649033506083e-03 -1.431082353654221763e-03
1.013297399999976989e+01 -1.402079900399004356e-03 -1.433594157579175894e-03
1.013797299999976964e+01 -1.409252753733201882e-03 -1.436124152494708912e-03
1.014297199999976939e+01 -1.416438300018092950e-03 -1.438672356540801438e-03
1.014797099999976915e+01 -1.423636630327004609e-03 -1.441238788117834950e-03
1.015296999999976890e+01 -1.430847835825897925e-03 -1.443823465886550804e-03
1.015796899999976866e+01 -1.438072007774669888e-03 -1.446426408768013367e-03
1.016296799999976841e+01 -1.445309237528454678e-03 -1.449047635943577061e-03
1.016796699999976816e+01 -1.452559616538924266e-03 -1.451687166854859472e-03
1.017296599999976792e+01 -1.459823236355589898e-03 -1.454345021203716851e-03
1.017796499999976767e+01 -1.467100188627102697e-03 -1.457021218952225458e-03
1.018296399999976742e+01 -1.474390565102554930e-03 -1.459715780322666393e-03
1.018796299999976718e+01 -1.481694457632780175e-03 -1.462428725797515396e-03
1.019296199999976693e+01 -1.489011958171654153e-03 -1.465160076119437216e-03
1.019796099999976668e+01 -1.496343158777395550e-03 -1.467909852291283002e-03
1.020295999999976644e+01 -1.503688151613866847e-03 -1.470678075576093563e-03
1.020795899999976619e+01 -1.511047028951874706e-03 -1.473464767497106300e-03
1.021295799999976595e+01 -1.518419883170470802e-03 -1.476269949837766488e-03
1.021795699999976570e+01 -1.525806806758252645e-03 -1.479093644641743316e-03
1.022295599999976545e+01 -1.533207892314664622e-03 -1.481935874212948973e-03
1.022795499999976521e+01 -1.540623232551298826e-03 -1.484796661115564019e-03
1.023295399999976496e+01 -1.548052920293196315e-03 -1.487676028174065137e-03
1.023795299999976471e+01 -1.555497048480148367e-03 -1.490573998473258962e-03
1.024295199999976447e+01 -1.562955710167998179e-03 -1.493490595358318729e-03
1.024795099999976422e+01 -1.570428998529941906e-03 -1.496425842434825687e-03
1.025294999999976397e+01 -1.577917006857831221e-03 -1.499379763568815284e-03
1.025794899999976373e+01 -1.585419828563475447e-03 -1.502352382886827046e-03
1.026294799999976348e+01 -1.592937557179943241e-03 -1.505343724775959216e-03
1.026794699999976324e+01 -1.600470286362866250e-03 -1.508353813883927304e-03
1.027294599999976299e+01 -1.608018109891741227e-03 -1.511382675119126752e-03
1.027794499999976274e+01 -1.615581121671233900e-03 -1.514430333650700154e-03
1.028294399999976250e+01 -1.623159415732482397e-03 -1.517496814908608814e-03
1.028794299999976225e+01 -1.630753086234401107e-03 -1.520582144583708427e-03
1.029294199999976200e+01 -1.638362227464985627e-03 -1.523686348627828870e-03
1.029794099999976176e+01 -1.645986933842616840e-03 -1.526809453253858122e-03
1.030293999999976151e+01 -1.653627299917366945e-03 -1.529951484935831389e-03
1.030793899999976126e+01 -1.661283420372304401e-03 -1.533112470409022602e-03
1.031293799999976102e+01 -1.668955390024800828e-03 -1.536292436670042005e-03
1.031793699999976077e+01 -1.676643303827837035e-03 -1.539491410976936980e-03
1.032293599999976053e+01 -1.684347256871310565e-03 -1.542709420849297216e-03
1.032793499999976028e+01 -1.692067344383343464e-03 -1.545946494068363777e-03
1.033293399999976003e+01 -1.699803661731590261e-03 -1.549202658677143601e-03
1.033793299999975979e+01 -1.707556304424547033e-03 -1.552477942980526370e-03
1.034293199999975954e+01 -1.715325368112860906e-03 -1.555772375545407243e-03
1.034793099999975929e+01 -1.723110948590640202e-03 -1.559085985200812409e-03
1.035292999999975905e+01 -1.730913141796764591e-03 -1.562418801038030058e-03
1.035792899999975880e+01 -1.738732043816197410e-03 -1.565770852410744603e-03
1.036292799999975855e+01 -1.746567750881296678e-03 -1.569142168935175460e-03
1.036792699999975831e+01 -1.754420359373128936e-03 -1.572532780490219946e-03
1.037292599999975806e+01 -1.762289965822781777e-03 -1.575942717217600078e-03
1.037792499999975782e+01 -1.770176666912678552e-03 -1.579372009522014147e-03
1.038292399999975757e+01 -1.778080559477893726e-03 -1.582820688071291974e-03
1.038792299999975732e+01 -1.786001740507467796e-03 -1.586288783796554287e-03
1.039292199999975708e+01 -1.793940307145724597e-03 -1.589776327892376438e-03
1.039792099999975683e+01 -1.801896356693588391e-03 -1.593283351816956453e-03
1.040291999999975658e+01 -1.809869986609902474e-03 -1.596809887292286552e-03
1.040791899999975634e+01 -1.817861294512747999e-03 -1.600355966304329225e-03
1.041291799999975609e+01 -1.825870378180763885e-03 -1.603921621103198076e-03
1.041791699999975584e+01 -1.833897335554468457e-03 -1.607506884203341486e-03
1.042291599999975560e+01 -1.841942264737580224e-03 -1.611111788383731269e-03
1.042791499999975535e+01 -1.850005263998341903e-03 -1.614736366688055433e-03
1.043291399999975511e+01 -1.858086431770843584e-03 -1.618380652424914650e-03
1.043791299999975486e+01 -1.866185866656347404e-03 -1.622044679168023256e-03
1.044291199999975461e+01 -1.874303667424613747e-03 -1.625728480756413958e-03
1.044791099999975437e+01 -1.882439933015227869e-03 -1.629432091294647075e-03
1.045290999999975412e+01 -1.890594762538927833e-03 -1.633155545153023702e-03
1.045790899999975387e+01 -1.898768255278933522e-03 -1.636898876967802976e-03
1.046290799999975363e+01 -1.906960510692276740e-03 -1.640662121641423259e-03
1.046790699999975338e+01 -1.915171628411132176e-03 -1.644445314342727650e-03
1.047290599999975313e+01 -1.923401708244150323e-03 -1.648248490507193617e-03
1.047790499999975289e+01 -1.931650850177790181e-03 -1.652071685837166537e-03
1.048290399999975264e+01 -1.939919154377654342e-03 -1.655914936302097787e-03
1.048790299999975240e+01 -1.948206721189825160e-03 -1.659778278138786083e-03
1.049290199999975215e+01 -1.956513651142200924e-03 -1.663661747851623600e-03
1.049790099999975190e+01 -1.964840044945835498e-03 -1.667565382212846201e-03
1.050289999999975166e+01 -1.973186003496276222e-03 -1.671489218262787145e-03
1.050789899999975141e+01 -1.981551627874906813e-03 -1.675433293310135338e-03
1.051289799999975116e+01 -1.989937019350287214e-03 -1.679397644932197715e-03
1.051789699999975092e+01 -1.998342279379499310e-03 -1.683382310975165734e-03
1.052289599999975067e+01 -2.006767509609490470e-03 -1.687387329554385345e-03
1.052789499999975042e+01 -2.015212811878419261e-03 -1.691412739054631723e-03
1.053289399999975018e+01 -2.023678288217005058e-03 -1.695458578130387695e-03
1.053789299999974993e+01 -2.032164040849874630e-03 -1.699524885706126497e-03
1.054289199999974969e+01 -2.040670172196913917e-03 -1.703611700976598439e-03
1.054789099999974944e+01 -2.049196784874619814e-03 -1.707719063407121688e-03
1.055288999999974919e+01 -2.057743981697453262e-03 -1.711847012733876735e-03
1.055788899999974895e+01 -2.066311865679193623e-03 -1.715995588964205638e-03
1.056288799999974870e+01 -2.074900540034295676e-03 -1.720164832376914945e-03
1.056788699999974845e+01 -2.083510108179247033e-03 -1.724354783522582743e-03
1.057288599999974821e+01 -2.092140673733927734e-03 -1.728565483223869605e-03
1.057788499999974796e+01 -2.100792340522970696e-03 -1.732796972575833660e-03
1.058288399999974772e+01 -2.109465212577124778e-03 -1.737049292946249998e-03
1.058788299999974747e+01 -2.118159394134618706e-03 -1.741322485975933983e-03
1.059288199999974722e+01 -2.126874989642526300e-03 -1.745616593579068241e-03
1.059788099999974698e+01 -2.135612103758135170e-03 -1.749931657943533999e-03
1.060287999999974673e+01 -2.144370841350314548e-03 -1.754267721531247185e-03
1.060787899999974648e+01 -2.153151307500886149e-03 -1.758624827078497351e-03
1.061287799999974624e+01 -2.161953607505997643e-03 -1.763003017596291144e-03
1.061787699999974599e+01 -2.170777846877495251e-03 -1.767402336370700339e-03
1.062287599999974574e+01 -2.179624131344301118e-03 -1.771822826963213339e-03
1.062787499999974550e+01 -2.188492566853790251e-03 -1.776264533211090353e-03
1.063287399999974525e+01 -2.197383259573170051e-03 -1.780727499227724225e-03
1.063787299999974501e+01 -2.206296315890861597e-03 -1.785211769403003421e-03
1.064287199999974476e+01 -2.215231842417883512e-03 -1.789717388403680226e-03
1.064787099999974451e+01 -2.224189945989235410e-03 -1.794244401173742624e-03
1.065286999999974427e+01 -2.233170733665286543e-03 -1.798792852934790300e-03
1.065786899999974402e+01 -2.242174312733163141e-03 -1.803362789186414763e-03
1.066286799999974377e+01 -2.251200790708139231e-03 -1.807954255706583583e-03
1.066786699999974353e+01 -2.260250275335030055e-03 -1.812567298552028106e-03
1.067286599999974328e+01 -2.269322874589585915e-03 -1.817201964058636149e-03
1.067786499999974303e+01 -2.278418696679888628e-03 -1.821858298841847953e-03
1.068286399999974279e+01 -2.287537850047750149e-03 -1.826536349797056903e-03
1.068786299999974254e+01 -2.296680443370113355e-03 -1.831236164100013501e-03
1.069286199999974230e+01 -2.305846585560454142e-03 -1.835957789207234327e-03
1.069786099999974205e+01 -2.315036385770186545e-03 -1.840701272856414255e-03
1.070285999999974180e+01 -2.324249953390068301e-03 -1.845466663066842785e-03
1.070785899999974156e+01 -2.333487398051610311e-03 -1.850254008139825363e-03
1.071285799999974131e+01 -2.342748829628488270e-03 -1.855063356659107741e-03
1.071785699999974106e+01 -2.352034358237954301e-03 -1.859894757491304448e-03
1.072285599999974082e+01 -2.361344094242252487e-03 -1.864748259786332043e-03
1.072785499999974057e+01 -2.370678148250037007e-03 -1.869623912977846263e-03
1.073285399999974032e+01 -2.380036631117790277e-03 -1.874521766783682208e-03
1.073785299999974008e+01 -2.389419653951246284e-03 -1.879441871206300385e-03
1.074285199999973983e+01 -2.398827328106812630e-03 -1.884384276533235128e-03
1.074785099999973959e+01 -2.408259765192998642e-03 -1.889349033337547803e-03
1.075284999999973934e+01 -2.417717077071842614e-03 -1.894336192478284766e-03
1.075784899999973909e+01 -2.427199375860343393e-03 -1.899345805100937940e-03
1.076284799999973885e+01 -2.436706773931892386e-03 -1.904377922637910583e-03
1.076784699999973860e+01 -2.446239383917709915e-03 -1.909432596808986965e-03
1.077284599999973835e+01 -2.455797318708283303e-03 -1.914509879621805735e-03
1.077784499999973811e+01 -2.465380691454805828e-03 -1.919609823372337614e-03
1.078284399999973786e+01 -2.474989615570620440e-03 -1.924732480645367219e-03
1.078784299999973761e+01 -2.484624204732664363e-03 -1.929877904314979001e-03
1.079284199999973737e+01 -2.494284572882916710e-03 -1.935046147545047088e-03
1.079784099999973712e+01 -2.503970834229847422e-03 -1.940237263789729464e-03
1.080283999999973688e+01 -2.513683103249870956e-03 -1.945451306793965834e-03
1.080783899999973663e+01 -2.523421494688800424e-03 -1.950688330593980261e-03
1.081283799999973638e+01 -2.533186123563304758e-03 -1.955948389517786837e-03
1.081783699999973614e+01 -2.542977105162369782e-03 -1.961231538185701211e-03
1.082283599999973589e+01 -2.552794555048759715e-03 -1.966537831510854067e-03
1.082783499999973564e+01 -2.562638589060482145e-03 -1.971867324699710239e-03
1.083283399999973540e+01 -2.572509323312256041e-03 -1.977220073252591512e-03
1.083783299999973515e+01 -2.582406874196982796e-03 -1.982596132964203114e-03
1.084283199999973490e+01 -2.592331358387217274e-03 -1.987995559924165406e-03
1.084783099999973466e+01 -2.602282892836645795e-03 -1.993418410517548613e-03
1.085282999999973441e+01 -2.612261594781562380e-03 -1.998864741425411453e-03
1.085782899999973417e+01 -2.622267581742351080e-03 -2.004334609625345841e-03
1.086282799999973392e+01 -2.632300971524969158e-03 -2.009828072392023327e-03
1.086782699999973367e+01 -2.642361882222433751e-03 -2.015345187297746740e-03
1.087282599999973343e+01 -2.652450432216310692e-03 -2.020886012213006597e-03
1.087782499999973318e+01 -2.662566740178207245e-03 -2.026450605307040121e-03
1.088282399999973293e+01 -2.672710925071266567e-03 -2.032039025048396324e-03
1.088782299999973269e+01 -2.682883106151665205e-03 -2.037651330205503264e-03
1.089282199999973244e+01 -2.693083402970113636e-03 -2.043287579847240937e-03
1.089782099999973219e+01 -2.703311935373360272e-03 -2.048947833343517638e-03
1.090281999999973195e+01 -2.713568823505697197e-03 -2.054632150365849792e-03
1.090781899999973170e+01 -2.723854187810469379e-03 -2.060340590887948294e-03
1.091281799999973146e+01 -2.734168149031586913e-03 -2.066073215186306575e-03
1.091781699999973121e+01 -2.744510828215039871e-03 -2.071830083840793448e-03
1.092281599999973096e+01 -2.754882346710417484e-03 -2.077611257735250717e-03
1.092781499999973072e+01 -2.765282826172427762e-03 -2.083416798058094696e-03
1.093281399999973047e+01 -2.775712388562421879e-03 -2.089246766302922057e-03
1.093781299999973022e+01 -2.786171156149922033e-03 -2.095101224269119156e-03
1.094281199999972998e+01 -2.796659251514151037e-03 -2.100980234062476554e-03
1.094781099999972973e+01 -2.807176797545565816e-03 -2.106883858095807451e-03
1.095280999999972948e+01 -2.817723917447393072e-03 -2.112812159089568712e-03
1.095780899999972924e+01 -2.828300734737170148e-03 -2.118765200072489276e-03
1.096280799999972899e+01 -2.838907373248286334e-03 -2.124743044382199422e-03
1.096780699999972875e+01 -2.849543957131529370e-03 -2.130745755665866981e-03
1.097280599999972850e+01 -2.860210610856633688e-03 -2.136773397880836148e-03
1.097780499999972825e+01 -2.870907459213833859e-03 -2.142826035295270631e-03
1.098280399999972801e+01 -2.881634627315418900e-03 -2.148903732488802003e-03
1.098780299999972776e+01 -2.892392240597291362e-03 -2.155006554353180222e-03
1.099280199999972751e+01 -2.903180424820529012e-03 -2.161134566092931964e-03
1.099780099999972727e+01 -2.913999306072949987e-03 -2.167287833226018944e-03
1.100279999999972702e+01 -2.924849010770682288e-03 -2.173466421584503618e-03
1.100779899999972677e+01 -2.935729665659734134e-03 -2.179670397315218357e-03
1.101279799999972653e+01 -2.946641397817570396e-03 -2.185899826880437213e-03
1.101779699999972628e+01 -2.957584334654690325e-03 -2.192154777058554632e-03
1.102279599999972604e+01 -2.968558603916210056e-03 -2.198435314944766766e-03
1.102779499999972579e+01 -2.979564333683448144e-03 -2.204741507951756690e-03
1.103279399999972554e+01 -2.990601652375513703e-03 -2.211073423810385255e-03
1.103779299999972530e+01 -3.001670688750899749e-03 -2.217431130570386277e-03
1.104279199999972505e+01 -3.012771571909077847e-03 -2.223814696601063463e-03
1.104779099999972480e+01 -3.023904431292098391e-03 -2.230224190591994712e-03
1.105278999999972456e+01 -3.035069396686192189e-03 -2.236659681553739877e-03
1.105778899999972431e+01 -3.046266598223378551e-03 -2.243121238818551137e-03
1.106278799999972406e+01 -3.057496166383073810e-03 -2.249608932041089436e-03
1.106778699999972382e+01 -3.068758231993705485e-03 -2.256122831199145699e-03
1.107278599999972357e+01 -3.080052926234329042e-03 -2.262663006594364205e-03
1.107778499999972333e+01 -3.091380380636248992e-03 -2.269229528852971609e-03
1.108278399999972308e+01 -3.102740727084643026e-03 -2.275822468926511164e-03
1.108778299999972283e+01 -3.114134097820190055e-03 -2.282441898092579108e-03
1.109278199999972259e+01 -3.125560625440703018e-03 -2.289087887955567561e-03
1.109778099999972234e+01 -3.137020442902762989e-03 -2.295760510447410457e-03
1.110277999999972209e+01 -3.148513683523358926e-03 -2.302459837828334244e-03
1.110777899999972185e+01 -3.160040480981530890e-03 -2.309185942687612056e-03
1.111277799999972160e+01 -3.171600969320017161e-03 -2.315938897944324823e-03
1.111777699999972135e+01 -3.183195282946903962e-03 -2.322718776848123681e-03
1.112277599999972111e+01 -3.194823556637280820e-03 -2.329525652979998890e-03
1.112777499999972086e+01 -3.206485925534898092e-03 -2.336359600253050915e-03
1.113277399999972062e+01 -3.218182525153829264e-03 -2.343220692913269322e-03
1.113777299999972037e+01 -3.229913491380137589e-03 -2.350109005540313399e-03
1.114277199999972012e+01 -3.241678960473545756e-03 -2.357024613048296687e-03
1.114777099999971988e+01 -3.253479069069109466e-03 -2.363967590686578881e-03
1.115276999999971963e+01 -3.265313954178895774e-03 -2.370938014040559899e-03
1.115776899999971938e+01 -3.277183753193664041e-03 -2.377935959032477856e-03
1.116276799999971914e+01 -3.289088603884553815e-03 -2.384961501922214407e-03
1.116776699999971889e+01 -3.301028644404772287e-03 -2.392014719308100529e-03
1.117276599999971864e+01 -3.313004013291289546e-03 -2.399095688127730538e-03
1.117776499999971840e+01 -3.325014849466536877e-03 -2.406204485658778279e-03
1.118276399999971815e+01 -3.337061292240107654e-03 -2.413341189519818079e-03
1.118776299999971791e+01 -3.349143481310465180e-03 -2.420505877671151346e-03
1.119276199999971766e+01 -3.361261556766651816e-03 -2.427698628415636203e-03
1.119776099999971741e+01 -3.373415659090003328e-03 -2.434919520399521885e-03
1.120275999999971717e+01 -3.385605929155869297e-03 -2.442168632613288780e-03
1.120775899999971692e+01 -3.397832508235333528e-03 -2.449446044392491507e-03
1.121275799999971667e+01 -3.410095537996943576e-03 -2.456751835418608063e-03
1.121775699999971643e+01 -3.422395160508440691e-03 -2.464086085719891569e-03
1.122275599999971618e+01 -3.434731518238495849e-03 -2.471448875672227659e-03
1.122775499999971593e+01 -3.447104754058450109e-03 -2.478840285999997072e-03
1.123275399999971569e+01 -3.459515011244058014e-03 -2.486260397776941279e-03
1.123775299999971544e+01 -3.471962433477237490e-03 -2.493709292427034180e-03
1.124275199999971520e+01 -3.484447164847821483e-03 -2.501187051725356839e-03
1.124775099999971495e+01 -3.496969349855316538e-03 -2.508693757798977422e-03
1.125274999999971470e+01 -3.509529133410663540e-03 -2.516229493127837211e-03
1.125774899999971446e+01 -3.522126660838004967e-03 -2.523794340545637907e-03
1.126274799999971421e+01 -3.534762077876454738e-03 -2.531388383240737189e-03
1.126774699999971396e+01 -3.547435530681873703e-03 -2.539011704757046430e-03
1.127274599999971372e+01 -3.560147165828649041e-03 -2.546664388994932752e-03
1.127774499999971347e+01 -3.572897130311479715e-03 -2.554346520212128456e-03
1.128274399999971322e+01 -3.585685571547163244e-03 -2.562058183024642187e-03
1.128774299999971298e+01 -3.598512637376390273e-03 -2.569799462407676167e-03
1.129274199999971273e+01 -3.611378476065542180e-03 -2.577570443696548200e-03
1.129774099999971249e+01 -3.624283236308493885e-03 -2.585371212587616718e-03
1.130273999999971224e+01 -3.637227067228420568e-03 -2.593201855139212319e-03
1.130773899999971199e+01 -3.650210118379609587e-03 -2.601062457772574527e-03
1.131273799999971175e+01 -3.663232539749277164e-03 -2.608953107272789836e-03
1.131773699999971150e+01 -3.676294481759389849e-03 -2.616873890789738442e-03
1.132273599999971125e+01 -3.689396095268489880e-03 -2.624824895839042698e-03
1.132773499999971101e+01 -3.702537531573526618e-03 -2.632806210303022081e-03
1.133273399999971076e+01 -3.715718942411691452e-03 -2.640817922431652927e-03
1.133773299999971051e+01 -3.728940479962258338e-03 -2.648860120843530338e-03
1.134273199999971027e+01 -3.742202296848429113e-03 -2.656932894526838323e-03
1.134773099999971002e+01 -3.755504546139183143e-03 -2.665036332840322545e-03
1.135272999999970978e+01 -3.768847381351132179e-03 -2.673170525514269140e-03
1.135772899999970953e+01 -3.782230956450381276e-03 -2.681335562651485701e-03
1.136272799999970928e+01 -3.795655425854391890e-03 -2.689531534728290939e-03
1.136772699999970904e+01 -3.809120944433852778e-03 -2.697758532595505646e-03
1.137272599999970879e+01 -3.822627667514553063e-03 -2.706016647479450154e-03
1.137772499999970854e+01 -3.836175750879263976e-03 -2.714305970982947448e-03
1.138272399999970830e+01 -3.849765350769622334e-03 -2.722626595086328431e-03
1.138772299999970805e+01 -3.863396623888019649e-03 -2.730978612148444139e-03
1.139272199999970780e+01 -3.877069727399497755e-03 -2.739362114907682721e-03
1.139772099999970756e+01 -3.890784818933648755e-03 -2.747777196482989459e-03
1.140271999999970731e+01 -3.904542056586519753e-03 -2.756223950374894587e-03
1.140771899999970707e+01 -3.918341598922522352e-03 -2.764702470466543719e-03
1.141271799999970682e+01 -3.932183604976349084e-03 -2.773212851024732615e-03
1.141771699999970657e+01 -3.946068234254893753e-03 -2.781755186700949744e-03
1.142271599999970633e+01 -3.959995646739175243e-03 -2.790329572532421025e-03
1.142771499999970608e+01 -3.973966002886270867e-03 -2.798936103943160635e-03
1.143271399999970583e+01 -3.987979463631251449e-03 -2.807574876745027020e-03
1.143771299999970559e+01 -4.002036190389122484e-03 -2.816245987138781947e-03
1.144271199999970534e+01 -4.016136345056771362e-03 -2.824949531715157790e-03
1.144771099999970509e+01 -4.030280090014920664e-03 -2.833685607455926556e-03
1.145270999999970485e+01 -4.044467588130083203e-03 -2.842454311734976275e-03
1.145770899999970460e+01 -4.058699002756526591e-03 -2.851255742319390007e-03
1.146270799999970436e+01 -4.072974497738241287e-03 -2.860089997370532204e-03
1.146770699999970411e+01 -4.087294237410914709e-03 -2.868957175445138556e-03
1.147270599999970386e+01 -4.101658386603908822e-03 -2.877857375496411900e-03
1.147770499999970362e+01 -4.116067110642246396e-03 -2.886790696875122034e-03
1.148270399999970337e+01 -4.130520575348599864e-03 -2.895757239330710737e-03
1.148770299999970312e+01 -4.145018947045289726e-03 -2.904757103012402426e-03
1.149270199999970288e+01 -4.159562392556282948e-03 -2.913790388470320451e-03
1.149770099999970263e+01 -4.174151079209200907e-03 -2.922857196656606857e-03
1.150269999999970238e+01 -4.188785174837332537e-03 -2.931957628926547786e-03
1.150769899999970214e+01 -4.203464847781650943e-03 -2.941091787039704520e-03
1.151269799999970189e+01 -4.218190266892838693e-03 -2.950259773161049287e-03
1.151769699999970165e+01 -4.232961601533316576e-03 -2.959461689862106712e-03
1.152269599999970140e+01 -4.247779021579278433e-03 -2.968697640122098299e-03
1.152769499999970115e+01 -4.262642697422733794e-03 -2.977967727329095590e-03
1.153269399999970091e+01 -4.277552799973553116e-03 -2.987272055281174621e-03
1.153769299999970066e+01 -4.292509500661520830e-03 -2.996610728187579491e-03
1.154269199999970041e+01 -4.307512971438392721e-03 -3.005983850669886794e-03
1.154769099999970017e+01 -4.322563384779961985e-03 -3.015391527763178724e-03
1.155268999999969992e+01 -4.337660913688127021e-03 -3.024833864917220519e-03
1.155768899999969967e+01 -4.352805731692969624e-03 -3.034310967997641811e-03
1.156268799999969943e+01 -4.367998012854834924e-03 -3.043822943287124473e-03
1.156768699999969918e+01 -4.383237931766420861e-03 -3.053369897486595246e-03
1.157268599999969894e+01 -4.398525663554871123e-03 -3.062951937716423996e-03
1.157768499999969869e+01 -4.413861383883874168e-03 -3.072569171517626745e-03
1.158268399999969844e+01 -4.429245268955770039e-03 -3.082221706853074342e-03
1.158768299999969820e+01 -4.444677495513663264e-03 -3.091909652108705900e-03
1.159268199999969795e+01 -4.460158240843539214e-03 -3.101633116094748305e-03
1.159768099999969770e+01 -4.475687682776388274e-03 -3.111392208046940503e-03
1.160267999999969746e+01 -4.491265999690336082e-03 -3.121187037627762978e-03
1.160767899999969721e+01 -4.506893370512781577e-03 -3.131017714927673314e-03
1.161267799999969697e+01 -4.522569974722536780e-03 -3.140884350466346085e-03
1.161767699999969672e+01 -4.538295992351977851e-03 -3.150787055193919259e-03
1.162267599999969647e+01 -4.554071603989198747e-03 -3.160725940492244927e-03
1.162767499999969623e+01 -4.569896990780172689e-03 -3.170701118176146114e-03
1.163267399999969598e+01 -4.585772334430920569e-03 -3.180712700494678791e-03
1.163767299999969573e+01 -4.601697817209685418e-03 -3.190760800132398656e-03
1.164267199999969549e+01 -4.617673621949109491e-03 -3.200845530210635285e-03
1.164767099999969524e+01 -4.633699932048423488e-03 -3.210967004288768460e-03
1.165266999999969499e+01 -4.649776931475640106e-03 -3.221125336365514031e-03
1.165766899999969475e+01 -4.665904804769751939e-03 -3.231320640880211946e-03
1.166266799999969450e+01 -4.682083737042937177e-03 -3.241553032714120791e-03
1.166766699999969426e+01 -4.698313913982773114e-03 -3.251822627191718832e-03
1.167266599999969401e+01 -4.714595521854454858e-03 -3.262129540082008960e-03
1.167766499999969376e+01 -4.730928747503020115e-03 -3.272473887599830576e-03
1.168266399999969352e+01 -4.747313778355582645e-03 -3.282855786407175812e-03
1.168766299999969327e+01 -4.763750802423569186e-03 -3.293275353614512260e-03
1.169266199999969302e+01 -4.780240008304965059e-03 -3.303732706782110898e-03
1.169766099999969278e+01 -4.796781585186566700e-03 -3.314227963921379232e-03
1.170265999999969253e+01 -4.813375722846241142e-03 -3.324761243496200929e-03
1.170765899999969228e+01 -4.830022611655188092e-03 -3.335332664424280665e-03
1.171265799999969204e+01 -4.846722442580215888e-03 -3.345942346078493741e-03
1.171765699999969179e+01 -4.863475407186017459e-03 -3.356590408288243066e-03
1.172265599999969155e+01 -4.880281697637456687e-03 -3.367276971340819620e-03
1.172765499999969130e+01 -4.897141506701861713e-03 -3.378002155982771145e-03
1.173265399999969105e+01 -4.914055027751322580e-03 -3.388766083421274316e-03
1.173765299999969081e+01 -4.931022454764999279e-03 -3.399568875325513842e-03
1.174265199999969056e+01 -4.948043982331432403e-03 -3.410410653828066779e-03
1.174765099999969031e+01 -4.965119805650865074e-03 -3.421291541526292907e-03
1.175264999999969007e+01 -4.982250120537570076e-03 -3.432211661483730754e-03
1.175764899999968982e+01 -4.999435123422181319e-03 -3.443171137231498813e-03
1.176264799999968957e+01 -5.016675011354037456e-03 -3.454170092769703708e-03
1.176764699999968933e+01 -5.033969982003528958e-03 -3.465208652568853558e-03
1.177264599999968908e+01 -5.051320233664452139e-03 -3.476286941571276115e-03
1.177764499999968884e+01 -5.068725965256373582e-03 -3.487405085192544704e-03
1.178264399999968859e+01 -5.086187376326997168e-03 -3.498563209322908939e-03
1.178764299999968834e+01 -5.103704667054542385e-03 -3.509761440328731073e-03
1.179264199999968810e+01 -5.121278038250126965e-03 -3.520999905053928420e-03
1.179764099999968785e+01 -5.138907691360157341e-03 -3.532278730821422283e-03
1.180263999999968760e+01 -5.156593828468727762e-03 -3.543598045434591653e-03
1.180763899999968736e+01 -5.174336652300026360e-03 -3.554957977178733845e-03
1.181263799999968711e+01 -5.192136366220746410e-03 -3.566358654822530776e-03
1.181763699999968686e+01 -5.209993174242506277e-03 -3.577800207619520872e-03
1.182263599999968662e+01 -5.227907281024279755e-03 -3.589282765309577926e-03
1.182763499999968637e+01 -5.245878891874828157e-03 -3.600806458120393849e-03
1.183263399999968613e+01 -5.263908212755141931e-03 -3.612371416768970101e-03
1.183763299999968588e+01 -5.281995450280894434e-03 -3.623977772463113020e-03
1.184263199999968563e+01 -5.300140811724894825e-03 -3.635625656902936528e-03
1.184763099999968539e+01 -5.318344505019555711e-03 -3.647315202282369606e-03
1.185262999999968514e+01 -5.336606738759363394e-03 -3.659046541290671573e-03
1.185762899999968489e+01 -5.354927722203361128e-03 -3.670819807113952140e-03
1.186262799999968465e+01 -5.373307665277633240e-03 -3.682635133436697530e-03
1.186762699999968440e+01 -5.391746778577801401e-03 -3.694492654443303110e-03
1.187262599999968415e+01 -5.410245273371528697e-03 -3.706392504819612955e-03
1.187762499999968391e+01 -5.428803361601028908e-03 -3.718334819754464185e-03
1.188262399999968366e+01 -5.447421255885585324e-03 -3.730319734941238245e-03
1.188762299999968342e+01 -5.466099169524076505e-03 -3.742347386579417384e-03
1.189262199999968317e+01 -5.484837316497510711e-03 -3.754417911376149372e-03
1.189762099999968292e+01 -5.503635911471567270e-03 -3.766531446547816565e-03
1.190261999999968268e+01 -5.522495169799146626e-03 -3.778688129821611893e-03
1.190761899999968243e+01 -5.541415307522928185e-03 -3.790888099437121368e-03
1.191261799999968218e+01 -5.560396541377933370e-03 -3.803131494147912219e-03
1.191761699999968194e+01 -5.579439088794101685e-03 -3.815418453223127539e-03
1.192261599999968169e+01 -5.598543167898871117e-03 -3.827749116449088301e-03
1.192761499999968144e+01 -5.617708997519767211e-03 -3.840123624130899714e-03
1.193261399999968120e+01 -5.636936797187001684e-03 -3.852542117094065813e-03
1.193761299999968095e+01 -5.656226787136075379e-03 -3.865004736686109259e-03
1.194261199999968071e+01 -5.675579188310395096e-03 -3.877511624778197646e-03
1.194761099999968046e+01 -5.694994222363893022e-03 -3.890062923766777168e-03
1.195260999999968021e+01 -5.714472111663658309e-03 -3.902658776575211510e-03
1.195760899999967997e+01 -5.734013079292573853e-03 -3.915299326655427223e-03
1.196260799999967972e+01 -5.753617349051963481e-03 -3.927984717989566922e-03
1.196760699999967947e+01 -5.773285145464246079e-03 -3.940715095091647246e-03
1.197260599999967923e+01 -5.793016693775599260e-03 -3.953490603009224627e-03
1.197760499999967898e+01 -5.812812219958630837e-03 -3.966311387325067127e-03
1.198260399999967873e+01 -5.832671950715058104e-03 -3.979177594158832786e-03
1.198760299999967849e+01 -5.852596113478394924e-03 -3.992089370168753169e-03
1.199260199999967824e+01 -5.872584936416650955e-03 -4.005046862553325593e-03
1.199760099999967800e+01 -5.892638648435033488e-03 -4.018050219053012281e-03
1.200259999999967775e+01 -5.912757479178663150e-03 -4.031099587951943869e-03
1.200759899999967750e+01 -5.932941659035296557e-03 -4.044195118079630703e-03
1.201259799999967726e+01 -5.953191419138054163e-03 -4.057336958812680222e-03
1.201759699999967701e+01 -5.973506991368161996e-03 -4.070525260076522135e-03
1.202259599999967676e+01 -5.993888608357698586e-03 -4.083760172347140546e-03
1.202759499999967652e+01 -6.014336503492351445e-03 -4.097041846652810411e-03
1.203259399999967627e+01 -6.034850910914182215e-03 -4.110370434575842669e-03
1.203759299999967602e+01 -6.055432065524402226e-03 -4.123746088254335446e-03
1.204259199999967578e+01 -6.076080202986152388e-03 -4.137168960383933933e-03
1.204759099999967553e+01 -6.096795559727297836e-03 -4.150639204219592863e-03
1.205258999999967529e+01 -6.117578372943225165e-03 -4.164156973577349402e-03
1.205758899999967504e+01 -6.138428880599655288e-03 -4.177722422836102102e-03
1.206258799999967479e+01 -6.159347321435458891e-03 -4.191335706939395937e-03
1.206758699999967455e+01 -6.180333934965484902e-03 -4.204996981397215138e-03
1.207258599999967430e+01 -6.201388961483395891e-03 -4.218706402287780363e-03
1.207758499999967405e+01 -6.222512642064513891e-03 -4.232464126259358889e-03
1.208258399999967381e+01 -6.243705218568674012e-03 -4.246270310532073052e-03
1.208758299999967356e+01 -6.264966933643087606e-03 -4.260125112899722580e-03
1.209258199999967331e+01 -6.286298030725214966e-03 -4.274028691731612123e-03
1.209758099999967307e+01 -6.307698754045647574e-03 -4.287981205974383120e-03
1.210257999999967282e+01 -6.329169348630997276e-03 -4.301982815153856943e-03
1.210757899999967258e+01 -6.350710060306797612e-03 -4.316033679376881510e-03
1.211257799999967233e+01 -6.372321135700411213e-03 -4.330133959333186573e-03
1.211757699999967208e+01 -6.394002822243951070e-03 -4.344283816297245075e-03
1.212257599999967184e+01 -6.415755368177206153e-03 -4.358483412130144050e-03
1.212757499999967159e+01 -6.437579022550578289e-03 -4.372732909281459857e-03
1.213257399999967134e+01 -6.459474035228030334e-03 -4.387032470791141225e-03
1.213757299999967110e+01 -6.481440656890042132e-03 -4.401382260291400103e-03
1.214257199999967085e+01 -6.503479139036573431e-03 -4.415782442008609442e-03
1.214757099999967060e+01 -6.525589733990042399e-03 -4.430233180765209659e-03
1.215256999999967036e+01 -6.547772694898307613e-03 -4.444734641981617704e-03
1.215756899999967011e+01 -6.570028275737663064e-03 -4.459286991678149993e-03
1.216256799999966987e+01 -6.592356731315841822e-03 -4.473890396476945357e-03
1.216756699999966962e+01 -6.614758317275030129e-03 -4.488545023603901854e-03
1.217256599999966937e+01 -6.637233290094887543e-03 -4.503251040890617063e-03
1.217756499999966913e+01 -6.659781907095583577e-03 -4.518008616776337041e-03
1.218256399999966888e+01 -6.682404426440837798e-03 -4.532817920309911361e-03
1.218756299999966863e+01 -6.705101107140972946e-03 -4.547679121151757681e-03
1.219256199999966839e+01 -6.727872209055976715e-03 -4.562592389575831527e-03
1.219756099999966814e+01 -6.750717992898574819e-03 -4.577557896471603875e-03
1.220255999999966789e+01 -6.773638720237310125e-03 -4.592575813346049148e-03
1.220755899999966765e+01 -6.796634653499638266e-03 -4.607646312325634937e-03
1.221255799999966740e+01 -6.819706055975026729e-03 -4.622769566158325613e-03
1.221755699999966716e+01 -6.842853191818068677e-03 -4.637945748215588533e-03
1.222255599999966691e+01 -6.866076326051602854e-03 -4.653175032494409787e-03
1.222755499999966666e+01 -6.889375724569846496e-03 -4.668457593619318620e-03
1.223255399999966642e+01 -6.912751654141538644e-03 -4.683793606844415328e-03
1.223755299999966617e+01 -6.936204382413091278e-03 -4.699183248055412154e-03
1.224255199999966592e+01 -6.959734177911750842e-03 -4.714626693771678534e-03
1.224755099999966568e+01 -6.983341310048773662e-03 -4.730124121148295002e-03
1.225254999999966543e+01 -7.007026049122606556e-03 -4.745675707978112313e-03
1.225754899999966518e+01 -7.030788666322082200e-03 -4.761281632693823568e-03
1.226254799999966494e+01 -7.054629433729620556e-03 -4.776942074370038940e-03
1.226754699999966469e+01 -7.078548624324445919e-03 -4.792657212725369952e-03
1.227254599999966445e+01 -7.102546511985808296e-03 -4.808427228124521544e-03
1.227754499999966420e+01 -7.126623371496221271e-03 -4.824252301580393698e-03
1.228254399999966395e+01 -7.150779478544706802e-03 -4.840132614756186523e-03
1.228754299999966371e+01 -7.175015109730049565e-03 -4.856068349967519217e-03
1.229254199999966346e+01 -7.199330542564066904e-03 -4.872059690184549902e-03
1.229754099999966321e+01 -7.223726055474883126e-03 -4.888106819034109332e-03
1.230253999999966297e+01 -7.248201927810219401e-03 -4.904209920801838943e-03
1.230753899999966272e+01 -7.272758439840691473e-03 -4.920369180434339303e-03
1.231253799999966247e+01 -7.297395872763120378e-03 -4.936584783541323775e-03
1.231753699999966223e+01 -7.322114508703852706e-03 -4.952856916397782583e-03
1.232253599999966198e+01 -7.346914630722088668e-03 -4.969185765946152952e-03
1.232753499999966174e+01 -7.371796522813229245e-03 -4.985571519798500523e-03
1.233253399999966149e+01 -7.396760469912225071e-03 -5.002014366238702499e-03
1.233753299999966124e+01 -7.421806757896940929e-03 -5.018514494224648147e-03
1.234253199999966100e+01 -7.446935673591533258e-03 -5.035072093390436689e-03
1.234753099999966075e+01 -7.472147504769832867e-03 -5.051687354048593412e-03
1.235252999999966050e+01 -7.497442540158743250e-03 -5.068360467192286646e-03
1.235752899999966026e+01 -7.522821069441649328e-03 -5.085091624497556882e-03
1.236252799999966001e+01 -7.548283383261835712e-03 -5.101881018325551097e-03
1.236752699999965976e+01 -7.573829773225917127e-03 -5.118728841724770086e-03
1.237252599999965952e+01 -7.599460531907280963e-03 -5.135635288433317534e-03
1.237752499999965927e+01 -7.625175952849539383e-03 -5.152600552881162962e-03
1.238252399999965903e+01 -7.650976330569993558e-03 -5.169624830192411612e-03
1.238752299999965878e+01 -7.676861960563111792e-03 -5.186708316187578667e-03
1.239252199999965853e+01 -7.702833139304011978e-03 -5.203851207385879092e-03
1.239752099999965829e+01 -7.728890164251964873e-03 -5.221053701007518331e-03
1.240251999999965804e+01 -7.755033333853900840e-03 -5.238315994975996891e-03
1.240751899999965779e+01 -7.781262947547932206e-03 -5.255638287920421856e-03
1.241251799999965755e+01 -7.807579305766887759e-03 -5.273020779177824482e-03
1.241751699999965730e+01 -7.833982709941856790e-03 -5.290463668795489065e-03
1.242251599999965705e+01 -7.860473462505741804e-03 -5.307967157533291340e-03
1.242751499999965681e+01 -7.887051866896834657e-03 -5.325531446866039499e-03
1.243251399999965656e+01 -7.913718227562387478e-03 -5.343156738985832543e-03
1.243751299999965632e+01 -7.940472849962212226e-03 -5.360843236804419508e-03
1.244251199999965607e+01 -7.967316040572276770e-03 -5.378591143955570829e-03
1.244751099999965582e+01 -7.994248106888326988e-03 -5.396400664797457516e-03
1.245250999999965558e+01 -8.021269357429508876e-03 -5.414272004415041604e-03
1.245750899999965533e+01 -8.048380101742009726e-03 -5.432205368622470068e-03
1.246250799999965508e+01 -8.075580650402711461e-03 -5.450200963965481753e-03
1.246750699999965484e+01 -8.102871315022849158e-03 -5.468258997723823844e-03
1.247250599999965459e+01 -8.130252408251690405e-03 -5.486379677913670941e-03
1.247750499999965434e+01 -8.157724243780221582e-03 -5.504563213290059737e-03
1.248250399999965410e+01 -8.185287136344846295e-03 -5.522809813349329779e-03
1.248750299999965385e+01 -8.212941401731099419e-03 -5.541119688331572896e-03
1.249250199999965361e+01 -8.240687356777369812e-03 -5.559493049223091302e-03
1.249750099999965336e+01 -8.268525319378636912e-03 -5.577930107758866107e-03
1.250249999999965311e+01 -8.296455608490221206e-03 -5.596431076425031903e-03
1.250749899999965287e+01 -8.324478544131541646e-03 -5.614996168461365220e-03
1.251249799999965262e+01 -8.352594447389892138e-03 -5.633625597863777326e-03
1.251749699999965237e+01 -8.380803640424230178e-03 -5.652319579386817436e-03
1.252249599999965213e+01 -8.409106446468968959e-03 -5.671078328546185453e-03
1.252749499999965188e+01 -8.437503189837795500e-03 -5.689902061621254260e-03
1.253249399999965163e+01 -8.465994195927488766e-03 -5.708790995657600682e-03
1.253749299999965139e+01 -8.494579791221762086e-03 -5.727745348469545118e-03
1.254249199999965114e+01 -8.523260303295105561e-03 -5.746765338642699852e-03
1.254749099999965090e+01 -8.552036060816654503e-03 -5.765851185536529505e-03
1.255248999999965065e+01 -8.580907393554061333e-03 -5.785003109286916689e-03
1.255748899999965040e+01 -8.609874632377384832e-03 -5.804221330808739809e-03
1.256248799999965016e+01 -8.638938109262988066e-03 -5.823506071798459534e-03
1.256748699999964991e+01 -8.668098157297453657e-03 -5.842857554736713074e-03
1.257248599999964966e+01 -8.697355110681511195e-03 -5.862276002890920608e-03
1.257748499999964942e+01 -8.726709304733975062e-03 -5.881761640317899505e-03
1.258248399999964917e+01 -8.756161075895699600e-03 -5.901314691866485496e-03
1.258748299999964892e+01 -8.785710761733542956e-03 -5.920935383180169452e-03
1.259248199999964868e+01 -8.815358700944346537e-03 -5.940623940699737635e-03
1.259748099999964843e+01 -8.845105233358928343e-03 -5.960380591665924085e-03
1.260247999999964819e+01 -8.874950699946088442e-03 -5.980205564122073429e-03
1.260747899999964794e+01 -8.904895442816624859e-03 -6.000099086916810612e-03
1.261247799999964769e+01 -8.934939805227370274e-03 -6.020061389706722783e-03
1.261747699999964745e+01 -8.965084131585235663e-03 -6.040092702959049854e-03
1.262247599999964720e+01 -8.995328767451267818e-03 -6.060193257954383725e-03
1.262747499999964695e+01 -9.025674059544725944e-03 -6.080363286789379658e-03
1.263247399999964671e+01 -9.056120355747165201e-03 -6.100603022379472856e-03
1.263747299999964646e+01 -9.086668005106537591e-03 -6.120912698461611519e-03
1.264247199999964621e+01 -9.117317357841303246e-03 -6.141292549596992500e-03
1.264747099999964597e+01 -9.148068765344560815e-03 -6.161742811173813450e-03
1.265246999999964572e+01 -9.178922580188188241e-03 -6.182263719410028419e-03
1.265746899999964548e+01 -9.209879156126997424e-03 -6.202855511356118214e-03
1.266246799999964523e+01 -9.240938848102899297e-03 -6.223518424897868558e-03
1.266746699999964498e+01 -9.272102012249091446e-03 -6.244252698759159524e-03
1.267246599999964474e+01 -9.303369005894252669e-03 -6.265058572504761912e-03
1.267746499999964449e+01 -9.334740187566753153e-03 -6.285936286543147497e-03
1.268246399999964424e+01 -9.366215916998880259e-03 -6.306886082129306223e-03
1.268746299999964400e+01 -9.397796555131078186e-03 -6.327908201367576403e-03
1.269246199999964375e+01 -9.429482464116196311e-03 -6.349002887214480993e-03
1.269746099999964351e+01 -9.461274007323761809e-03 -6.370170383481577742e-03
1.270245999999964326e+01 -9.493171549344259219e-03 -6.391410934838318014e-03
1.270745899999964301e+01 -9.525175455993423884e-03 -6.412724786814916894e-03
1.271245799999964277e+01 -9.557286094316556208e-03 -6.434112185805230220e-03
1.271745699999964252e+01 -9.589503832592844584e-03 -6.455573379069646373e-03
1.272245599999964227e+01 -9.621829040339702210e-03 -6.477108614737984993e-03
1.272745499999964203e+01 -9.654262088317122972e-03 -6.498718141812407853e-03
1.273245399999964178e+01 -9.686803348532049482e-03 -6.520402210170338393e-03
1.273745299999964153e+01 -9.719453194242754987e-03 -6.542161070567394272e-03
1.274245199999964129e+01 -9.752211999963240896e-03 -6.563994974640326857e-03
1.274745099999964104e+01 -9.785080141467649914e-03 -6.585904174909974589e-03
1.275244999999964080e+01 -9.818057995794693057e-03 -6.607888924784225022e-03
1.275744899999964055e+01 -9.851145941252090546e-03 -6.629949478560988145e-03
1.276244799999964030e+01 -9.884344357421026572e-03 -6.652086091431178363e-03
1.276744699999964006e+01 -9.917653625160624889e-03 -6.674299019481708638e-03
1.277244599999963981e+01 -9.951074126612434803e-03 -6.696588519698498491e-03
1.277744499999963956e+01 -9.984606245204927580e-03 -6.718954849969483757e-03
1.278244399999963932e+01 -1.001825036565802060e-02 -6.741398269087648006e-03
1.278744299999963907e+01 -1.005200687398760499e-02 -6.763919036754054842e-03
1.279244199999963882e+01 -1.008587615751009407e-02 -6.786517413580899286e-03
1.279744099999963858e+01 -1.011985860484698393e-02 -6.809193661094562616e-03
1.280243999999963833e+01 -1.015395460592943312e-02 -6.831948041738684571e-03
1.280743899999963809e+01 -1.018816455200285444e-02 -6.854780818877239876e-03
1.281243799999963784e+01 -1.022248883563152411e-02 -6.877692256797632991e-03
1.281743699999963759e+01 -1.025692785070320828e-02 -6.900682620713797198e-03
1.282243599999963735e+01 -1.029148199243379649e-02 -6.923752176769308424e-03
1.282743499999963710e+01 -1.032615165737196111e-02 -6.946901192040508613e-03
1.283243399999963685e+01 -1.036093724340382723e-02 -6.970129934539640373e-03
1.283743299999963661e+01 -1.039583914975765987e-02 -6.993438673217995498e-03
1.284243199999963636e+01 -1.043085777700856510e-02 -7.016827677969066958e-03
1.284743099999963611e+01 -1.046599352708320677e-02 -7.040297219631722579e-03
1.285242999999963587e+01 -1.050124680326454223e-02 -7.063847569993380454e-03
1.285742899999963562e+01 -1.053661801019657382e-02 -7.087479001793200832e-03
1.286242799999963538e+01 -1.057210755388910892e-02 -7.111191788725288419e-03
1.286742699999963513e+01 -1.060771584172254950e-02 -7.134986205441905087e-03
1.287242599999963488e+01 -1.064344328245268173e-02 -7.158862527556694721e-03
1.287742499999963464e+01 -1.067929028621549675e-02 -7.182821031647917617e-03
1.288242399999963439e+01 -1.071525726453201668e-02 -7.206861995261699613e-03
1.288742299999963414e+01 -1.075134463031314491e-02 -7.230985696915289904e-03
1.289242199999963390e+01 -1.078755279786452331e-02 -7.255192416100330124e-03
1.289742099999963365e+01 -1.082388218289141724e-02 -7.279482433286137318e-03
1.290241999999963340e+01 -1.086033320250360916e-02 -7.303856029922998171e-03
1.290741899999963316e+01 -1.089690627522030796e-02 -7.328313488445470196e-03
1.291241799999963291e+01 -1.093360182097508244e-02 -7.352855092275701124e-03
1.291741699999963267e+01 -1.097042026112080362e-02 -7.377481125826756969e-03
1.292241599999963242e+01 -1.100736201843460424e-02 -7.402191874505959640e-03
1.292741499999963217e+01 -1.104442751712286439e-02 -7.426987624718239291e-03
1.293241399999963193e+01 -1.108161718282620230e-02 -7.451868663869499684e-03
1.293741299999963168e+01 -1.111893144262448424e-02 -7.476835280369989629e-03
1.294241199999963143e+01 -1.115637072504186041e-02 -7.501887763637691761e-03
1.294741099999963119e+01 -1.119393546005180429e-02 -7.527026404101721732e-03
1.295240999999963094e+01 -1.123162607908218154e-02 -7.552251493205737812e-03
1.295740899999963069e+01 -1.126944301502032578e-02 -7.577563323411364363e-03
1.296240799999963045e+01 -1.130738670221813867e-02 -7.602962188201625726e-03
1.296740699999963020e+01 -1.134545757649720391e-02 -7.628448382084393985e-03
1.297240599999962996e+01 -1.138365607515391849e-02 -7.654022200595845399e-03
1.297740499999962971e+01 -1.142198263696464142e-02 -7.679683940303934191e-03
1.298240399999962946e+01 -1.146043770219086315e-02 -7.705433898811872399e-03
1.298740299999962922e+01 -1.149902171258438549e-02 -7.731272374761628818e-03
1.299240199999962897e+01 -1.153773511139252576e-02 -7.757199667837433137e-03
1.299740099999962872e+01 -1.157657834336333486e-02 -7.783216078769296560e-03
1.300239999999962848e+01 -1.161555185475083608e-02 -7.809321909336544576e-03
1.300739899999962823e+01 -1.165465609332027620e-02 -7.835517462371360126e-03
1.301239799999962798e+01 -1.169389150835339897e-02 -7.861803041762340655e-03
1.301739699999962774e+01 -1.173325855065373603e-02 -7.888178952458069909e-03
1.302239599999962749e+01 -1.177275767255191175e-02 -7.914645500470694067e-03
1.302739499999962725e+01 -1.181238932791097394e-02 -7.941202992879519557e-03
1.303239399999962700e+01 -1.185215397213173344e-02 -7.967851737834619544e-03
1.303739299999962675e+01 -1.189205206215812778e-02 -7.994592044560452568e-03
1.304239199999962651e+01 -1.193208405648259890e-02 -8.021424223359493316e-03
1.304739099999962626e+01 -1.197225041515149503e-02 -8.048348585615880749e-03
1.305238999999962601e+01 -1.201255159977048306e-02 -8.075365443799069690e-03
1.305738899999962577e+01 -1.205298807350998688e-02 -8.102475111467503238e-03
1.306238799999962552e+01 -1.209356030111063789e-02 -8.129677903272300790e-03
1.306738699999962527e+01 -1.213426874888874629e-02 -8.156974134960944325e-03
1.307238599999962503e+01 -1.217511388474179328e-02 -8.184364123380992451e-03
1.307738499999962478e+01 -1.221609617815393872e-02 -8.211848186483799647e-03
1.308238399999962454e+01 -1.225721610020154631e-02 -8.239426643328254599e-03
1.308738299999962429e+01 -1.229847412355873117e-02 -8.267099814084521991e-03
1.309238199999962404e+01 -1.233987072250292659e-02 -8.294868020037806863e-03
1.309738099999962380e+01 -1.238140637292046466e-02 -8.322731583592124158e-03
1.310237999999962355e+01 -1.242308155231217938e-02 -8.350690828274087360e-03
1.310737899999962330e+01 -1.246489673979902721e-02 -8.378746078736709277e-03
1.311237799999962306e+01 -1.250685241612773009e-02 -8.406897660763214958e-03
1.311737699999962281e+01 -1.254894906367643240e-02 -8.435145901270863292e-03
1.312237599999962256e+01 -1.259118716646037868e-02 -8.463491128314791154e-03
1.312737499999962232e+01 -1.263356721013761744e-02 -8.491933671091864491e-03
1.313237399999962207e+01 -1.267608968201471009e-02 -8.520473859944543288e-03
1.313737299999962183e+01 -1.271875507105247292e-02 -8.549112026364763875e-03
1.314237199999962158e+01 -1.276156386787173115e-02 -8.577848502997828181e-03
1.314737099999962133e+01 -1.280451656475909729e-02 -8.606683623646312065e-03
1.315236999999962109e+01 -1.284761365567275992e-02 -8.635617723273987523e-03
1.315736899999962084e+01 -1.289085563624830545e-02 -8.664651138009750106e-03
1.316236799999962059e+01 -1.293424300380454674e-02 -8.693784205151572353e-03
1.316736699999962035e+01 -1.297777625734938128e-02 -8.723017263170460694e-03
1.317236599999962010e+01 -1.302145589758566153e-02 -8.752350651714431440e-03
1.317736499999961985e+01 -1.306528242691709293e-02 -8.781784711612497171e-03
1.318236399999961961e+01 -1.310925634945414413e-02 -8.811319784878673955e-03
1.318736299999961936e+01 -1.315337817101998145e-02 -8.840956214715990288e-03
1.319236199999961912e+01 -1.319764839915642425e-02 -8.870694345520520330e-03
1.319736099999961887e+01 -1.324206754312991750e-02 -8.900534522885429276e-03
1.320235999999961862e+01 -1.328663611393752879e-02 -8.930477093605029143e-03
1.320735899999961838e+01 -1.333135462431295909e-02 -8.960522405678848432e-03
1.321235799999961813e+01 -1.337622358873258137e-02 -8.990670808315720866e-03
1.321735699999961788e+01 -1.342124352342149475e-02 -9.020922651937884548e-03
1.322235599999961764e+01 -1.346641494635959953e-02 -9.051278288185094986e-03
1.322735499999961739e+01 -1.351173837728769644e-02 -9.081738069918755471e-03
1.323235399999961714e+01 -1.355721433771360160e-02 -9.112302351226056127e-03
1.323735299999961690e+01 -1.360284335091828563e-02 -9.142971487424132043e-03
1.324235199999961665e+01 -1.364862594196203198e-02 -9.173745835064237020e-03
1.324735099999961641e+01 -1.369456263769061773e-02 -9.204625751935924249e-03
1.325234999999961616e+01 -1.374065396674151347e-02 -9.235611597071249554e-03
1.325734899999961591e+01 -1.378690045955010580e-02 -9.266703730748983292e-03
1.326234799999961567e+01 -1.383330264835594056e-02 -9.297902514498843085e-03
1.326734699999961542e+01 -1.387986106720898519e-02 -9.329208311105733481e-03
1.327234599999961517e+01 -1.392657625197591363e-02 -9.360621484614002966e-03
1.327734499999961493e+01 -1.397344874034641728e-02 -9.392142400331720056e-03
1.328234399999961468e+01 -1.402047907183952974e-02 -9.423771424834959803e-03
1.328734299999961443e+01 -1.406766778780997422e-02 -9.455508925972102435e-03
1.329234199999961419e+01 -1.411501543145454035e-02 -9.487355272868156289e-03
1.329734099999961394e+01 -1.416252254781847145e-02 -9.519310835929082476e-03
1.330233999999961370e+01 -1.421018968380188124e-02 -9.551375986846145569e-03
1.330733899999961345e+01 -1.425801738816619146e-02 -9.583551098600276430e-03
1.331233799999961320e+01 -1.430600621154058498e-02 -9.615836545466443716e-03
1.331733699999961296e+01 -1.435415670642849195e-02 -9.648232703018049666e-03
1.332233599999961271e+01 -1.440246942721408810e-02 -9.680739948131332831e-03
1.332733499999961246e+01 -1.445094493016881726e-02 -9.713358658989795086e-03
1.333233399999961222e+01 -1.449958377345793997e-02 -9.746089215088633850e-03
1.333733299999961197e+01 -1.454838651714710288e-02 -9.778931997239193388e-03
1.334233199999961172e+01 -1.459735372320892545e-02 -9.811887387573435190e-03
1.334733099999961148e+01 -1.464648595552961799e-02 -9.844955769548418764e-03
1.335232999999961123e+01 -1.469578377991560998e-02 -9.878137527950801508e-03
1.335732899999961099e+01 -1.474524776410021318e-02 -9.911433048901348991e-03
1.336232799999961074e+01 -1.479487847775030375e-02 -9.944842719859464317e-03
1.336732699999961049e+01 -1.484467649247302179e-02 -9.978366929627736567e-03
1.337232599999961025e+01 -1.489464238182249510e-02 -1.001200606835649272e-02
1.337732499999961000e+01 -1.494477672130659594e-02 -1.004576052754837905e-02
1.338232399999960975e+01 -1.499508008839370472e-02 -1.007963070006295120e-02
1.338732299999960951e+01 -1.504555306251950837e-02 -1.011361698012127990e-02
1.339232199999960926e+01 -1.509619622509381955e-02 -1.014771976331057222e-02
1.339732099999960901e+01 -1.514701015950741490e-02 -1.018193944658881203e-02
1.340231999999960877e+01 -1.519799545113889767e-02 -1.021627642828941418e-02
1.340731899999960852e+01 -1.524915268736158971e-02 -1.025073110812589096e-02
1.341231799999960828e+01 -1.530048245755044091e-02 -1.028530388719654104e-02
1.341731699999960803e+01 -1.535198535308895940e-02 -1.031999516798915231e-02
1.342231599999960778e+01 -1.540366196737617648e-02 -1.035480535438571513e-02
1.342731499999960754e+01 -1.545551289583362020e-02 -1.038973485166715983e-02
1.343231399999960729e+01 -1.550753873591232887e-02 -1.042478406651810817e-02
1.343731299999960704e+01 -1.555974008709987144e-02 -1.045995340703163336e-02
1.344231199999960680e+01 -1.561211755092740787e-02 -1.049524328271405141e-02
1.344731099999960655e+01 -1.566467173097675983e-02 -1.053065410448971069e-02
1.345230999999960630e+01 -1.571740323288751615e-02 -1.056618628470581446e-02
1.345730899999960606e+01 -1.577031266436415557e-02 -1.060184023713724860e-02
1.346230799999960581e+01 -1.582340063518319559e-02 -1.063761637699142844e-02
1.346730699999960557e+01 -1.587666775720036547e-02 -1.067351512091316637e-02
1.347230599999960532e+01 -1.593011464435780539e-02 -1.070953688698955165e-02
1.347730499999960507e+01 -1.598374191269128983e-02 -1.074568209475484752e-02
1.348230399999960483e+01 -1.603755018033747176e-02 -1.078195116519540392e-02
1.348730299999960458e+01 -1.609154006754115115e-02 -1.081834452075459280e-02
1.349230199999960433e+01 -1.614571219666257815e-02 -1.085486258533774860e-02
1.349730099999960409e+01 -1.620006719218477012e-02 -1.089150578431713999e-02
1.350229999999960384e+01 -1.625460568072085651e-02 -1.092827454453694676e-02
1.350729899999960359e+01 -1.630932829102145140e-02 -1.096516929431825757e-02
1.351229799999960335e+01 -1.636423565398204688e-02 -1.100219046346408852e-02
1.351729699999960310e+01 -1.641932840265043422e-02 -1.103933848326441036e-02
1.352229599999960286e+01 -1.647460717223415277e-02 -1.107661378650120348e-02
1.352729499999960261e+01 -1.653007260010795620e-02 -1.111401680745351984e-02
1.353229399999960236e+01 -1.658572532582130998e-02 -1.115154798190256570e-02
1.353729299999960212e+01 -1.664156599110592008e-02 -1.118920774713680344e-02
1.354229199999960187e+01 -1.669759523988327554e-02 -1.122699654195707247e-02
1.354729099999960162e+01 -1.675381371827221536e-02 -1.126491480668171882e-02
1.355228999999960138e+01 -1.681022207459654041e-02 -1.130296298315175245e-02
1.355728899999960113e+01 -1.686682095939262896e-02 -1.134114151473601326e-02
1.356228799999960088e+01 -1.692361102541708670e-02 -1.137945084633635966e-02
1.356728699999960064e+01 -1.698059292765443165e-02 -1.141789142439287620e-02
1.357228599999960039e+01 -1.703776732332478935e-02 -1.145646369688909164e-02
1.357728499999960015e+01 -1.709513487189162281e-02 -1.149516811335722297e-02
1.358228399999959990e+01 -1.715269623506948671e-02 -1.153400512488342994e-02
1.358728299999959965e+01 -1.721045207683181630e-02 -1.157297518411309206e-02
1.359228199999959941e+01 -1.726840306341872328e-02 -1.161207874525610299e-02
1.359728099999959916e+01 -1.732654986334484018e-02 -1.165131626409217878e-02
1.360227999999959891e+01 -1.738489314740717523e-02 -1.169068819797618869e-02
1.360727899999959867e+01 -1.744343358869300184e-02 -1.173019500584350332e-02
1.361227799999959842e+01 -1.750217186258777591e-02 -1.176983714821535666e-02
1.361727699999959817e+01 -1.756110864678307043e-02 -1.180961508720423069e-02
1.362227599999959793e+01 -1.762024462128454830e-02 -1.184952928651925724e-02
1.362727499999959768e+01 -1.767958046841995590e-02 -1.188958021147163736e-02
1.363227399999959744e+01 -1.773911687284714794e-02 -1.192976832898007614e-02
1.363727299999959719e+01 -1.779885452156213660e-02 -1.197009410757624015e-02
1.364227199999959694e+01 -1.785879410390716140e-02 -1.201055801741023402e-02
1.364727099999959670e+01 -1.791893631157880085e-02 -1.205116053025608903e-02
1.365226999999959645e+01 -1.797928183863610474e-02 -1.209190211951727441e-02
1.365726899999959620e+01 -1.803983138150875090e-02 -1.213278326023223101e-02
1.366226799999959596e+01 -1.810058563900522957e-02 -1.217380442907991557e-02
1.366726699999959571e+01 -1.816154531232106253e-02 -1.221496610438536738e-02
1.367226599999959546e+01 -1.822271110504704306e-02 -1.225626876612529413e-02
1.367726499999959522e+01 -1.828408372317751399e-02 -1.229771289593367678e-02
1.368226399999959497e+01 -1.834566387511865279e-02 -1.233929897710739007e-02
1.368726299999959473e+01 -1.840745227169681211e-02 -1.238102749461184905e-02
1.369226199999959448e+01 -1.846944962616686378e-02 -1.242289893508666081e-02
1.369726099999959423e+01 -1.853165665422059141e-02 -1.246491378685131435e-02
1.370225999999959399e+01 -1.859407407399509687e-02 -1.250707253991086877e-02
1.370725899999959374e+01 -1.865670260608124145e-02 -1.254937568596167959e-02
1.371225799999959349e+01 -1.871954297353211824e-02 -1.259182371839713023e-02
1.371725699999959325e+01 -1.878259590187154882e-02 -1.263441713231338789e-02
1.372225599999959300e+01 -1.884586211910260420e-02 -1.267715642451518014e-02
1.372725499999959275e+01 -1.890934235571616745e-02 -1.272004209352158889e-02
1.373225399999959251e+01 -1.897303734469951361e-02 -1.276307463957186174e-02
1.373725299999959226e+01 -1.903694782154492782e-02 -1.280625456463124930e-02
1.374225199999959202e+01 -1.910107452425834421e-02 -1.284958237239685296e-02
1.374725099999959177e+01 -1.916541819336801955e-02 -1.289305856830349865e-02
1.375224999999959152e+01 -1.922997957193323809e-02 -1.293668365952962973e-02
1.375724899999959128e+01 -1.929475940555303373e-02 -1.298045815500321540e-02
1.376224799999959103e+01 -1.935975844237496427e-02 -1.302438256540768176e-02
1.376724699999959078e+01 -1.942497743310388908e-02 -1.306845740318786538e-02
1.377224599999959054e+01 -1.949041713101079543e-02 -1.311268318255598073e-02
1.377724499999959029e+01 -1.955607829194164551e-02 -1.315706041949761020e-02
1.378224399999959005e+01 -1.962196167432626176e-02 -1.320158963177771490e-02
1.378724299999958980e+01 -1.968806803918723286e-02 -1.324627133894666631e-02
1.379224199999958955e+01 -1.975439815014885109e-02 -1.329110606234629177e-02
1.379724099999958931e+01 -1.982095277344609469e-02 -1.333609432511594778e-02
1.380223999999958906e+01 -1.988773267793361374e-02 -1.338123665219861057e-02
1.380723899999958881e+01 -1.995473863509477502e-02 -1.342653357034698410e-02
1.381223799999958857e+01 -2.002197141905071379e-02 -1.347198560812963575e-02
1.381723699999958832e+01 -2.008943180656943064e-02 -1.351759329593713900e-02
1.382223599999958807e+01 -2.015712057707491969e-02 -1.356335716598825250e-02
1.382723499999958783e+01 -2.022503851265631744e-02 -1.360927775233610783e-02
1.383223399999958758e+01 -2.029318639807708990e-02 -1.365535559087442327e-02
1.383723299999958734e+01 -2.036156502078424746e-02 -1.370159121934373496e-02
1.384223199999958709e+01 -2.043017517091759785e-02 -1.374798517733765053e-02
1.384723099999958684e+01 -2.049901764131902004e-02 -1.379453800630912712e-02
1.385222999999958660e+01 -2.056809322754177619e-02 -1.384125024957675969e-02
1.385722899999958635e+01 -2.063740272785985486e-02 -1.388812245233110067e-02
1.386222799999958610e+01 -2.070694694327734550e-02 -1.393515516164099514e-02
1.386722699999958586e+01 -2.077672667753784411e-02 -1.398234892645993863e-02
1.387222599999958561e+01 -2.084674273713388662e-02 -1.402970429763245735e-02
1.387722499999958536e+01 -2.091699593131642054e-02 -1.407722182790050076e-02
1.388222399999958512e+01 -2.098748707210430775e-02 -1.412490207190986863e-02
1.388722299999958487e+01 -2.105821697429385506e-02 -1.417274558621665036e-02
1.389222199999958463e+01 -2.112918645546837948e-02 -1.422075292929368857e-02
1.389722099999958438e+01 -2.120039633600781515e-02 -1.426892466153705831e-02
1.390221999999958413e+01 -2.127184743909833059e-02 -1.431726134527257742e-02
1.390721899999958389e+01 -2.134354059074200158e-02 -1.436576354476233261e-02
1.391221799999958364e+01 -2.141547661976650127e-02 -1.441443182621122282e-02
1.391721699999958339e+01 -2.148765635783483202e-02 -1.446326675777353729e-02
1.392221599999958315e+01 -2.156008063945508493e-02 -1.451226890955953711e-02
1.392721499999958290e+01 -2.163275030199023410e-02 -1.456143885364207316e-02
1.393221399999958265e+01 -2.170566618566796904e-02 -1.461077716406321975e-02
1.393721299999958241e+01 -2.177882913359054790e-02 -1.466028441684093242e-02
1.394221199999958216e+01 -2.185223999174469578e-02 -1.470996118997571975e-02
1.394721099999958192e+01 -2.192589960901153087e-02 -1.475980806345734975e-02
1.395220999999958167e+01 -2.199980883717652866e-02 -1.480982561927156847e-02
1.395720899999958142e+01 -2.207396853093951394e-02 -1.486001444140684115e-02
1.396220799999958118e+01 -2.214837954792468755e-02 -1.491037511586112453e-02
1.396720699999958093e+01 -2.222304274869069118e-02 -1.496090823064864794e-02
1.397220599999958068e+01 -2.229795899674070700e-02 -1.501161437580672553e-02
1.397720499999958044e+01 -2.237312915853258144e-02 -1.506249414340258934e-02
1.398220399999958019e+01 -2.244855410348899419e-02 -1.511354812754024148e-02
1.398720299999957994e+01 -2.252423470400765834e-02 -1.516477692436733402e-02
1.399220199999957970e+01 -2.260017183547154487e-02 -1.521618113208206453e-02
1.399720099999957945e+01 -2.267636637625916607e-02 -1.526776135094009765e-02
1.400219999999957921e+01 -2.275281920775486244e-02 -1.531951818326151259e-02
1.400719899999957896e+01 -2.282953121435914862e-02 -1.537145223343776811e-02
1.401219799999957871e+01 -2.290650328349908699e-02 -1.542356410793868822e-02
1.401719699999957847e+01 -2.298373630563868911e-02 -1.547585441531947915e-02
1.402219599999957822e+01 -2.306123117428936220e-02 -1.552832376622776192e-02
1.402719499999957797e+01 -2.313898878602038342e-02 -1.558097277341062743e-02
1.403219399999957773e+01 -2.321701004046941921e-02 -1.563380205172172285e-02
1.403719299999957748e+01 -2.329529584035306897e-02 -1.568681221812835008e-02
1.404219199999957723e+01 -2.337384709147744682e-02 -1.574000389171859027e-02
1.404719099999957699e+01 -2.345266470274880166e-02 -1.579337769370845607e-02
1.405218999999957674e+01 -2.353174958618418217e-02 -1.584693424744906820e-02
1.405718899999957650e+01 -2.361110265692211579e-02 -1.590067417843384762e-02
1.406218799999957625e+01 -2.369072483323334324e-02 -1.595459811430572500e-02
1.406718699999957600e+01 -2.377061703653158067e-02 -1.600870668486440232e-02
1.407218599999957576e+01 -2.385078019138431663e-02 -1.606300052207360052e-02
1.407718499999957551e+01 -2.393121522552365057e-02 -1.611748026006835921e-02
1.408218399999957526e+01 -2.401192306985716618e-02 -1.617214653516234335e-02
1.408718299999957502e+01 -2.409290465847884269e-02 -1.622699998585518458e-02
1.409218199999957477e+01 -2.417416092867999411e-02 -1.628204125283983297e-02
1.409718099999957452e+01 -2.425569282096025694e-02 -1.633727097900995046e-02
1.410217999999957428e+01 -2.433750127903860916e-02 -1.639268980946730764e-02
1.410717899999957403e+01 -2.441958724986443077e-02 -1.644829839152922232e-02
1.411217799999957379e+01 -2.450195168362858875e-02 -1.650409737473601188e-02
1.411717699999957354e+01 -2.458459553377457737e-02 -1.656008741085846989e-02
1.412217599999957329e+01 -2.466751975700968297e-02 -1.661626915390537057e-02
1.412717499999957305e+01 -2.475072531331619016e-02 -1.667264326013099401e-02
1.413217399999957280e+01 -2.483421316596262987e-02 -1.672921038804267915e-02
1.413717299999957255e+01 -2.491798428151505845e-02 -1.678597119840839411e-02
1.414217199999957231e+01 -2.500203962984837505e-02 -1.684292635426434120e-02
1.414717099999957206e+01 -2.508638018415768056e-02 -1.690007652092257590e-02
1.415216999999957181e+01 -2.517100692096968170e-02 -1.695742236597865688e-02
1.415716899999957157e+01 -2.525592082015411244e-02 -1.701496455931931703e-02
1.416216799999957132e+01 -2.534112286493521785e-02 -1.707270377313015869e-02
1.416716699999957108e+01 -2.542661404190325533e-02 -1.713064068190337311e-02
1.417216599999957083e+01 -2.551239534102605830e-02 -1.718877596244549472e-02
1.417716499999957058e+01 -2.559846775566061022e-02 -1.724711029388516226e-02
1.418216399999957034e+01 -2.568483228256468465e-02 -1.730564435768091811e-02
1.418716299999957009e+01 -2.577148992190849905e-02 -1.736437883762902840e-02
1.419216199999956984e+01 -2.585844167728643464e-02 -1.742331441987132398e-02
1.419716099999956960e+01 -2.594568855572877003e-02 -1.748245179290306914e-02
1.420215999999956935e+01 -2.603323156771347041e-02 -1.754179164758086495e-02
1.420715899999956910e+01 -2.612107172717801837e-02 -1.760133467713055969e-02
1.421215799999956886e+01 -2.620921005153126204e-02 -1.766108157715519378e-02
1.421715699999956861e+01 -2.629764756166533615e-02 -1.772103304564297613e-02
1.422215599999956837e+01 -2.638638528196758995e-02 -1.778118978297527075e-02
1.422715499999956812e+01 -2.647542424033258110e-02 -1.784155249193462509e-02
1.423215399999956787e+01 -2.656476546817409384e-02 -1.790212187771280522e-02
1.423715299999956763e+01 -2.665441000043720574e-02 -1.796289864791887278e-02
1.424215199999956738e+01 -2.674435887561039255e-02 -1.802388351258728261e-02
1.424715099999956713e+01 -2.683461313573766785e-02 -1.808507718418600127e-02
1.425214999999956689e+01 -2.692517382643077467e-02 -1.814648037762465679e-02
1.425714899999956664e+01 -2.701604199688140834e-02 -1.820809381026270574e-02
1.426214799999956639e+01 -2.710721869987348445e-02 -1.826991820191763843e-02
1.426714699999956615e+01 -2.719870499179544848e-02 -1.833195427487320159e-02
1.427214599999956590e+01 -2.729050193265262353e-02 -1.839420275388764167e-02
1.427714499999956566e+01 -2.738261058607959972e-02 -1.845666436620198650e-02
1.428214399999956541e+01 -2.747503201935266870e-02 -1.851933984154835108e-02
1.428714299999956516e+01 -2.756776730340229631e-02 -1.858222991215825390e-02
1.429214199999956492e+01 -2.766081751282564033e-02 -1.864533531277098172e-02
1.429714099999956467e+01 -2.775418372589910643e-02 -1.870865678064196139e-02
1.430213999999956442e+01 -2.784786702459094571e-02 -1.877219505555117324e-02
1.430713899999956418e+01 -2.794186849457389391e-02 -1.883595087981157143e-02
1.431213799999956393e+01 -2.803618922523786264e-02 -1.889992499827755634e-02
1.431713699999956368e+01 -2.813083030970265838e-02 -1.896411815835345044e-02
1.432213599999956344e+01 -2.822579284483075351e-02 -1.902853111000200881e-02
1.432713499999956319e+01 -2.832107793124009551e-02 -1.909316460575296442e-02
1.433213399999956295e+01 -2.841668667331696471e-02 -1.915801940071158033e-02
1.433713299999956270e+01 -2.851262017922886333e-02 -1.922309625256725038e-02
1.434213199999956245e+01 -2.860887956093746687e-02 -1.928839592160211044e-02
1.434713099999956221e+01 -2.870546593421159295e-02 -1.935391917069968770e-02
1.435212999999956196e+01 -2.880238041864023948e-02 -1.941966676535356040e-02
1.435712899999956171e+01 -2.889962413764564711e-02 -1.948563947367606963e-02
1.436212799999956147e+01 -2.899719821849641027e-02 -1.955183806640703112e-02
1.436712699999956122e+01 -2.909510379232064375e-02 -1.961826331692249556e-02
1.437212599999956097e+01 -2.919334199411917005e-02 -1.968491600124351940e-02
1.437712499999956073e+01 -2.929191396277877266e-02 -1.975179689804497027e-02
1.438212399999956048e+01 -2.939082084108548751e-02 -1.981890678866436370e-02
1.438712299999956024e+01 -2.949006377573792220e-02 -1.988624645711071712e-02
1.439212199999955999e+01 -2.958964391736064806e-02 -1.995381669007344205e-02
1.439712099999955974e+01 -2.968956242051761299e-02 -2.002161827693125021e-02
1.440211999999955950e+01 -2.978982044372560645e-02 -2.008965200976110116e-02
1.440711899999955925e+01 -2.989041914946777637e-02 -2.015791868334716741e-02
1.441211799999955900e+01 -2.999135970420718431e-02 -2.022641909518983067e-02
1.441711699999955876e+01 -3.009264327840039874e-02 -2.029515404551469893e-02
1.442211599999955851e+01 -3.019427104651115079e-02 -2.036412433728166868e-02
1.442711499999955826e+01 -3.029624418702402122e-02 -2.043333077619399057e-02
1.443211399999955802e+01 -3.039856388245817595e-02 -2.050277417070738711e-02
1.443711299999955777e+01 -3.050123131938114671e-02 -2.057245533203917384e-02
1.444211199999955753e+01 -3.060424768842267065e-02 -2.064237507417742909e-02
1.444711099999955728e+01 -3.070761418428854736e-02 -2.071253421389018107e-02
1.445210999999955703e+01 -3.081133200577457210e-02 -2.078293357073462272e-02
1.445710899999955679e+01 -3.091540235578049689e-02 -2.085357396706635433e-02
1.446210799999955654e+01 -3.101982644132404363e-02 -2.092445622804866082e-02
1.446710699999955629e+01 -3.112460547355495877e-02 -2.099558118166180987e-02
1.447210599999955605e+01 -3.122974066776912708e-02 -2.106694965871238126e-02
1.447710499999955580e+01 -3.133523324342271654e-02 -2.113856249284262051e-02
1.448210399999955555e+01 -3.144108442414638577e-02 -2.121042052053982718e-02
1.448710299999955531e+01 -3.154729543775951911e-02 -2.128252458114577098e-02
1.449210199999955506e+01 -3.165386751628451734e-02 -2.135487551686612168e-02
1.449710099999955482e+01 -3.176080189596116460e-02 -2.142747417277992769e-02
1.450209999999955457e+01 -3.186809981726097807e-02 -2.150032139684911192e-02
1.450709899999955432e+01 -3.197576252490167553e-02 -2.157341803992799539e-02
1.451209799999955408e+01 -3.208379126786163604e-02 -2.164676495577285906e-02
1.451709699999955383e+01 -3.219218729939443691e-02 -2.172036300105151946e-02
1.452209599999955358e+01 -3.230095187704345311e-02 -2.179421303535294605e-02
1.452709499999955334e+01 -3.241008626265644982e-02 -2.186831592119689235e-02
1.453209399999955309e+01 -3.251959172240027202e-02 -2.194267252404357577e-02
1.453709299999955284e+01 -3.262946952677558965e-02 -2.201728371230337114e-02
1.454209199999955260e+01 -3.273972095063162890e-02 -2.209215035734653221e-02
1.454709099999955235e+01 -3.285034727318102837e-02 -2.216727333351295806e-02
1.455208999999955211e+01 -3.296134977801468136e-02 -2.224265351812196659e-02
1.455708899999955186e+01 -3.307272975311668223e-02 -2.231829179148210954e-02
1.456208799999955161e+01 -3.318448849087927283e-02 -2.239418903690101881e-02
1.456708699999955137e+01 -3.329662728811787209e-02 -2.247034614069527703e-02
1.457208599999955112e+01 -3.340914744608612652e-02 -2.254676399220030894e-02
1.457708499999955087e+01 -3.352205027049105085e-02 -2.262344348378032138e-02
1.458208399999955063e+01 -3.363533707150816177e-02 -2.270038551083825712e-02
1.458708299999955038e+01 -3.374900916379672960e-02 -2.277759097182577644e-02
1.459208199999955013e+01 -3.386306786651500922e-02 -2.285506076825328040e-02
1.459708099999954989e+01 -3.397751450333558881e-02 -2.293279580469995832e-02
1.460207999999954964e+01 -3.409235040246072490e-02 -2.301079698882385269e-02
1.460707899999954940e+01 -3.420757689663778134e-02 -2.308906523137197603e-02
1.461207799999954915e+01 -3.432319532317468225e-02 -2.316760144619043477e-02
1.461707699999954890e+01 -3.443920702395544126e-02 -2.324640655023459471e-02
1.462207599999954866e+01 -3.455561334545572544e-02 -2.332548146357927774e-02
1.462707499999954841e+01 -3.467241563875846783e-02 -2.340482710942898281e-02
1.463207399999954816e+01 -3.478961525956955625e-02 -2.348444441412812778e-02
1.463707299999954792e+01 -3.490721356823352911e-02 -2.356433430717134667e-02
1.464207199999954767e+01 -3.502521192974937525e-02 -2.364449772121378704e-02
1.464707099999954742e+01 -3.514361171378634074e-02 -2.372493559208145933e-02
1.465206999999954718e+01 -3.526241429469981897e-02 -2.380564885878160009e-02
1.465706899999954693e+01 -3.538162105154726844e-02 -2.388663846351307685e-02
1.466206799999954669e+01 -3.550123336810420693e-02 -2.396790535167681382e-02
1.466706699999954644e+01 -3.562125263288022647e-02 -2.404945047188625229e-02
1.467206599999954619e+01 -3.574168023913509157e-02 -2.413127477597784912e-02
1.467706499999954595e+01 -3.586251758489487906e-02 -2.421337921902157880e-02
1.468206399999954570e+01 -3.598376607296816659e-02 -2.429576475933149446e-02
1.468706299999954545e+01 -3.610542711096226265e-02 -2.437843235847630616e-02
1.469206199999954521e+01 -3.622750211129953379e-02 -2.446138298128998703e-02
1.469706099999954496e+01 -3.634999249123371801e-02 -2.454461759588241407e-02
1.470205999999954471e+01 -3.647289967286634904e-02 -2.462813717365003319e-02
1.470705899999954447e+01 -3.659622508316321549e-02 -2.471194268928656249e-02
1.471205799999954422e+01 -3.671997015397085451e-02 -2.479603512079372324e-02
1.471705699999954398e+01 -3.684413632203313582e-02 -2.488041544949199518e-02
1.472205599999954373e+01 -3.696872502900785951e-02 -2.496508466003140650e-02
1.472705499999954348e+01 -3.709373772148343018e-02 -2.505004374040235501e-02
1.473205399999954324e+01 -3.721917585099560055e-02 -2.513529368194646410e-02
1.473705299999954299e+01 -3.734504087404423578e-02 -2.522083547936744899e-02
1.474205199999954274e+01 -3.747133425211015417e-02 -2.530667013074203858e-02
1.474705099999954250e+01 -3.759805745167200258e-02 -2.539279863753091115e-02
1.475204999999954225e+01 -3.772521194422321505e-02 -2.547922200458967515e-02
1.475704899999954200e+01 -3.785279920628901312e-02 -2.556594124017985345e-02
1.476204799999954176e+01 -3.798082071944344773e-02 -2.565295735597993357e-02
1.476704699999954151e+01 -3.810927797032651748e-02 -2.574027136709641783e-02
1.477204599999954127e+01 -3.823817245066132853e-02 -2.582788429207492215e-02
1.477704499999954102e+01 -3.836750565727131690e-02 -2.591579715291129904e-02
1.478204399999954077e+01 -3.849727909209752635e-02 -2.600401097506278500e-02
1.478704299999954053e+01 -3.862749426221592786e-02 -2.609252678745919637e-02
1.479204199999954028e+01 -3.875815267985481538e-02 -2.618134562251413222e-02
1.479704099999954003e+01 -3.888925586241226418e-02 -2.627046851613623266e-02
1.480203999999953979e+01 -3.902080533247359595e-02 -2.635989650774044069e-02
1.480703899999953954e+01 -3.915280261782897592e-02 -2.644963064025931954e-02
1.481203799999953930e+01 -3.928524925149098901e-02 -2.653967196015438387e-02
1.481703699999953905e+01 -3.941814677171232711e-02 -2.663002151742747611e-02
1.482203599999953880e+01 -3.955149672200352490e-02 -2.672068036563214968e-02
1.482703499999953856e+01 -3.968530065115072336e-02 -2.681164956188511472e-02
1.483203399999953831e+01 -3.981956011323352362e-02 -2.690293016687768379e-02
1.483703299999953806e+01 -3.995427666764287539e-02 -2.699452324488727656e-02
1.484203199999953782e+01 -4.008945187909904867e-02 -2.708642986378892795e-02
1.484703099999953757e+01 -4.022508731766962636e-02 -2.717865109506684487e-02
1.485202999999953732e+01 -4.036118455878759392e-02 -2.727118801382599073e-02
1.485702899999953708e+01 -4.049774518326946376e-02 -2.736404169880369761e-02
1.486202799999953683e+01 -4.063477077733344822e-02 -2.745721323238130632e-02
1.486702699999953659e+01 -4.077226293261772272e-02 -2.755070370059584800e-02
1.487202599999953634e+01 -4.091022324619872363e-02 -2.764451419315174657e-02
1.487702499999953609e+01 -4.104865332060950861e-02 -2.773864580343254893e-02
1.488202399999953585e+01 -4.118755476385818626e-02 -2.783309962851270372e-02
1.488702299999953560e+01 -4.132692918944638749e-02 -2.792787676916934705e-02
1.489202199999953535e+01 -4.146677821638779932e-02 -2.802297832989413678e-02
1.489702099999953511e+01 -4.160710346922678188e-02 -2.811840541890511455e-02
1.490201999999953486e+01 -4.174790657805701327e-02 -2.821415914815858864e-02
1.490701899999953461e+01 -4.188918917854021068e-02 -2.831024063336106192e-02
1.491201799999953437e+01 -4.203095291192490701e-02 -2.840665099398117718e-02
1.491701699999953412e+01 -4.217319942506528307e-02 -2.850339135326170059e-02
1.492201599999953388e+01 -4.231593037044006911e-02 -2.860046283823153637e-02
1.492701499999953363e+01 -4.245914740617150185e-02 -2.869786657971776928e-02
1.493201399999953338e+01 -4.260285219604435097e-02 -2.879560371235773825e-02
1.493701299999953314e+01 -4.274704640952497331e-02 -2.889367537461114480e-02
1.494201199999953289e+01 -4.289173172178047111e-02 -2.899208270877218566e-02
1.494701099999953264e+01 -4.303690981369788504e-02 -2.909082686098171666e-02
1.495200999999953240e+01 -4.318258237190345655e-02 -2.918990898123945826e-02
1.495700899999953215e+01 -4.332875108878193882e-02 -2.928933022341621145e-02
1.496200799999953190e+01 -4.347541766249599093e-02 -2.938909174526612919e-02
1.496700699999953166e+01 -4.362258379700562072e-02 -2.948919470843899479e-02
1.497200599999953141e+01 -4.377025120208768300e-02 -2.958964027849254538e-02
1.497700499999953117e+01 -4.391842159335544726e-02 -2.969042962490482662e-02
1.498200399999953092e+01 -4.406709669227823478e-02 -2.979156392108656473e-02
1.498700299999953067e+01 -4.421627822620109033e-02 -2.989304434439358366e-02
1.499200199999953043e+01 -4.436596792836455805e-02 -2.999487207613924997e-02
1.499700099999953018e+01 -4.451616753792448505e-02 -3.009704830160693859e-02
1.500199999999952993e+01 -4.466687879997188748e-02 -3.019957421006253667e-02
1.500699899999952969e+01 -4.481810346555292063e-02 -3.030245099476698220e-02
1.501199799999952944e+01 -4.496984329168884909e-02 -3.040567985298882336e-02
1.501699699999952919e+01 -4.512210004139612790e-02 -3.050926198601681613e-02
1.502199599999952895e+01 -4.527487548370653231e-02 -3.061319859917254263e-02
1.502699499999952870e+01 -4.542817139368734991e-02 -3.071749090182307115e-02
1.503199399999952846e+01 -4.558198955246162837e-02 -3.082214010739364393e-02
1.503699299999952821e+01 -4.573633174722849248e-02 -3.092714743338038572e-02
1.504199199999952796e+01 -4.589119977128353761e-02 -3.103251410136305746e-02
1.504699099999952772e+01 -4.604659542403927858e-02 -3.113824133701782390e-02
1.505198999999952747e+01 -4.620252051104563329e-02 -3.124433037013006620e-02
1.505698899999952722e+01 -4.635897684401052432e-02 -3.135078243460721892e-02
1.506198799999952698e+01 -4.651596624082050824e-02 -3.145759876849162778e-02
1.506698699999952673e+01 -4.667349052556148126e-02 -3.156478061397344909e-02
1.507198599999952648e+01 -4.683155152853942654e-02 -3.167232921740359419e-02
1.507698499999952624e+01 -4.699015108630127946e-02 -3.178024582930664976e-02
1.508198399999952599e+01 -4.714929104165579976e-02 -3.188853170439390206e-02
1.508698299999952575e+01 -4.730897324369454093e-02 -3.199718810157631960e-02
1.509198199999952550e+01 -4.746919954781287504e-02 -3.210621628397763300e-02
1.509698099999952525e+01 -4.762997181573108696e-02 -3.221561751894737313e-02
1.510197999999952501e+01 -4.779129191551553801e-02 -3.232539307807401341e-02
1.510697899999952476e+01 -4.795316172159987123e-02 -3.243554423719807039e-02
1.511197799999952451e+01 -4.811558311480632066e-02 -3.254607227642529466e-02
1.511697699999952427e+01 -4.827855798236706242e-02 -3.265697848013984772e-02
1.512197599999952402e+01 -4.844208821794561415e-02 -3.276826413701753454e-02
1.512697499999952377e+01 -4.860617572165835260e-02 -3.287993054003904986e-02
1.513197399999952353e+01 -4.877082240009604497e-02 -3.299197898650327310e-02
1.513697299999952328e+01 -4.893603016634547748e-02 -3.310441077804055637e-02
1.514197199999952304e+01 -4.910180094001114631e-02 -3.321722722062608879e-02
1.514697099999952279e+01 -4.926813664723700414e-02 -3.333042962459324687e-02
1.515196999999952254e+01 -4.943503922072826906e-02 -3.344401930464700745e-02
1.515696899999952230e+01 -4.960251059977334454e-02 -3.355799757987736054e-02
1.516196799999952205e+01 -4.977055273026573939e-02 -3.367236577377277773e-02
1.516696699999952180e+01 -4.993916756472610574e-02 -3.378712521423369447e-02
1.517196599999952156e+01 -5.010835706232432546e-02 -3.390227723358600620e-02
1.517696499999952131e+01 -5.027812318890166610e-02 -3.401782316859464084e-02
1.518196399999952106e+01 -5.044846791699301308e-02 -3.413376436047711043e-02
1.518696299999952082e+01 -5.061939322584915052e-02 -3.425010215491711141e-02
1.519196199999952057e+01 -5.079090110145913217e-02 -3.436683790207814559e-02
1.519696099999952033e+01 -5.096299353657269410e-02 -3.448397295661718986e-02
1.520195999999952008e+01 -5.113567253072277136e-02 -3.460150867769836575e-02
1.520695899999951983e+01 -5.130894009024805635e-02 -3.471944642900667150e-02
1.521195799999951959e+01 -5.148279822831562658e-02 -3.483778757876169335e-02
1.521695699999951934e+01 -5.165724896494364865e-02 -3.495653349973139312e-02
1.522195599999951909e+01 -5.183229432702415873e-02 -3.507568556924589576e-02
1.522695499999951885e+01 -5.200793634834589840e-02 -3.519524516921130469e-02
1.523195399999951860e+01 -5.218417706961722691e-02 -3.531521368612357270e-02
1.523695299999951835e+01 -5.236101853848908888e-02 -3.543559251108235886e-02
1.524195199999951811e+01 -5.253846280957807924e-02 -3.555638303980493409e-02
1.524695099999951786e+01 -5.271651194448955663e-02 -3.567758667264012834e-02
1.525194999999951762e+01 -5.289516801184082628e-02 -3.579920481458227083e-02
1.525694899999951737e+01 -5.307443308728439224e-02 -3.592123887528519272e-02
1.526194799999951712e+01 -5.325430925353130673e-02 -3.604369026907621593e-02
1.526694699999951688e+01 -5.343479860037454732e-02 -3.616656041497021135e-02
1.527194599999951663e+01 -5.361590322471249115e-02 -3.628985073668366396e-02
1.527694499999951638e+01 -5.379762523057246559e-02 -3.641356266264875186e-02
1.528194399999951614e+01 -5.397996672913433353e-02 -3.653769762602747384e-02
1.528694299999951589e+01 -5.416292983875419659e-02 -3.666225706472579088e-02
1.529194199999951564e+01 -5.434651668498812621e-02 -3.678724242140778838e-02
1.529694099999951540e+01 -5.453072940061600565e-02 -3.691265514350988014e-02
1.530193999999951515e+01 -5.471557012566539979e-02 -3.703849668325502609e-02
1.530693899999951491e+01 -5.490104100743553595e-02 -3.716476849766697788e-02
1.531193799999951466e+01 -5.508714420052132632e-02 -3.729147204858455911e-02
1.531693699999951441e+01 -5.527388186683748761e-02 -3.741860880267594558e-02
1.532193599999951417e+01 -5.546125617564270915e-02 -3.754618023145300104e-02
1.532693499999951392e+01 -5.564926930356391133e-02 -3.767418781128561989e-02
1.533193399999951367e+01 -5.583792343462054553e-02 -3.780263302341609760e-02
1.533693299999951343e+01 -5.602722076024901215e-02 -3.793151735397351509e-02
1.534193199999951318e+01 -5.621716347932710633e-02 -3.806084229398818547e-02
1.534693099999951293e+01 -5.640775379819858160e-02 -3.819060933940607305e-02
1.535192999999951269e+01 -5.659899393069772744e-02 -3.832081999110327486e-02
1.535692899999951244e+01 -5.679088609817406486e-02 -3.845147575490050901e-02
1.536192799999951220e+01 -5.698343252951711124e-02 -3.858257814157762394e-02
1.536692699999951195e+01 -5.717663546118119389e-02 -3.871412866688814236e-02
1.537192599999951170e+01 -5.737049713721036059e-02 -3.884612885157383289e-02
1.537692499999951146e+01 -5.756501980926333195e-02 -3.897858022137926787e-02
1.538192399999951121e+01 -5.776020573663856461e-02 -3.911148430706646445e-02
1.538692299999951096e+01 -5.795605718629937703e-02 -3.924484264442949094e-02
1.539192199999951072e+01 -5.815257643289911682e-02 -3.937865677430912870e-02
1.539692099999951047e+01 -5.834976575880645305e-02 -3.951292824260753400e-02
1.540191999999951022e+01 -5.854762745413068931e-02 -3.964765860030296241e-02
1.540691899999950998e+01 -5.874616381674718779e-02 -3.978284940346445836e-02
1.541191799999950973e+01 -5.894537715232286978e-02 -3.991850221326661424e-02
1.541691699999950949e+01 -5.914526977434174382e-02 -4.005461859600431551e-02
1.542191599999950924e+01 -5.934584400413055877e-02 -4.019120012310753443e-02
1.542691499999950899e+01 -5.954710217088451246e-02 -4.032824837115613070e-02
1.543191399999950875e+01 -5.974904661169302966e-02 -4.046576492189466606e-02
1.543691299999950850e+01 -5.995167967156560945e-02 -4.060375136224726733e-02
1.544191199999950825e+01 -6.015500370345776976e-02 -4.074220928433246874e-02
1.544691099999950801e+01 -6.035902106829703351e-02 -4.088114028547810280e-02
1.545190999999950776e+01 -6.056373413500903274e-02 -4.102054596823621196e-02
1.545690899999950751e+01 -6.076914528054362663e-02 -4.116042794039795338e-02
1.546190799999950727e+01 -6.097525688990116516e-02 -4.130078781500856611e-02
1.546690699999950702e+01 -6.118207135615876674e-02 -4.144162721038230357e-02
1.547190599999950678e+01 -6.138959108049670682e-02 -4.158294775011743549e-02
1.547690499999950653e+01 -6.159781847222486201e-02 -4.172475106311122200e-02
1.548190399999950628e+01 -6.180675594880925133e-02 -4.186703878357495023e-02
1.548690299999950604e+01 -6.201640593589861916e-02 -4.200981255104895007e-02
1.549190199999950579e+01 -6.222677086735113605e-02 -4.215307401041765156e-02
1.549690099999950554e+01 -6.243785318526112738e-02 -4.229682481192465621e-02
1.550189999999950530e+01 -6.264965533998592684e-02 -4.244106661118780821e-02
1.550689899999950505e+01 -6.286217979017273694e-02 -4.258580106921430047e-02
1.551189799999950480e+01 -6.307542900278567677e-02 -4.273102985241580137e-02
1.551689699999950456e+01 -6.328940545313276045e-02 -4.287675463262356768e-02
1.552189599999950431e+01 -6.350411162489309758e-02 -4.302297708710360602e-02
1.552689499999950407e+01 -6.371955001014403819e-02 -4.316969889857182746e-02
1.553189399999950382e+01 -6.393572310938849812e-02 -4.331692175520923671e-02
1.553689299999950357e+01 -6.415263343158231213e-02 -4.346464735067710750e-02
1.554189199999950333e+01 -6.437028349416162865e-02 -4.361287738413219955e-02
1.554689099999950308e+01 -6.458867582307045718e-02 -4.376161356024198257e-02
1.555188999999950283e+01 -6.480781295278827125e-02 -4.391085758919986010e-02
1.555688899999950259e+01 -6.502769742635761130e-02 -4.406061118674041432e-02
1.556188799999950234e+01 -6.524833179541186801e-02 -4.421087607415468551e-02
1.556688699999950209e+01 -6.546971862020309341e-02 -4.436165397830542367e-02
1.557188599999950185e+01 -6.569186046962989523e-02 -4.451294663164237497e-02
1.557688499999950160e+01 -6.591475992126535899e-02 -4.466475577221758891e-02
1.558188399999950136e+01 -6.613841956138516442e-02 -4.481708314370071861e-02
1.558688299999950111e+01 -6.636284198499563247e-02 -4.496993049539434184e-02
1.559188199999950086e+01 -6.658802979586199433e-02 -4.512329958224927523e-02
1.559688099999950062e+01 -6.681398560653660501e-02 -4.527719216487994386e-02
1.560187999999950037e+01 -6.704071203838733728e-02 -4.543161000957968848e-02
1.560687899999950012e+01 -6.726821172162597562e-02 -4.558655488833616987e-02
1.561187799999949988e+01 -6.749648729533674896e-02 -4.574202857884668988e-02
1.561687699999949963e+01 -6.772554140750489116e-02 -4.589803286453360276e-02
1.562187599999949938e+01 -6.795537671504529864e-02 -4.605456953455968477e-02
1.562687499999949914e+01 -6.818599588383128518e-02 -4.621164038384351080e-02
1.563187399999949889e+01 -6.841740158872337829e-02 -4.636924721307488645e-02
1.563687299999949865e+01 -6.864959651359821280e-02 -4.652739182873021767e-02
1.564187199999949840e+01 -6.888258335137749377e-02 -4.668607604308794984e-02
1.564687099999949815e+01 -6.911636480405702887e-02 -4.684530167424395819e-02
1.565186999999949791e+01 -6.935094358273587167e-02 -4.700507054612700075e-02
1.565686899999949766e+01 -6.958632240764550669e-02 -4.716538448851412962e-02
1.566186799999949741e+01 -6.982250400817913150e-02 -4.732624533704610920e-02
1.566686699999949717e+01 -7.005949112292098047e-02 -4.748765493324288295e-02
1.567186599999949692e+01 -7.029728649967578735e-02 -4.764961512451898473e-02
1.567686499999949667e+01 -7.053589289549826169e-02 -4.781212776419900556e-02
1.568186399999949643e+01 -7.077531307672271788e-02 -4.797519471153301879e-02
1.568686299999949618e+01 -7.101554981899267649e-02 -4.813881783171203993e-02
1.569186199999949594e+01 -7.125660590729063215e-02 -4.830299899588346574e-02
1.569686099999949569e+01 -7.149848413596787688e-02 -4.846774008116653404e-02
1.570185999999949544e+01 -7.174118730877436512e-02 -4.863304297066775583e-02
1.570685899999949520e+01 -7.198471823888871746e-02 -4.879890955349638904e-02
1.571185799999949495e+01 -7.222907974894823835e-02 -4.896534172477987751e-02
1.571685699999949470e+01 -7.247427467107905863e-02 -4.913234138567929010e-02
1.572185599999949446e+01 -7.272030584692630584e-02 -4.929991044340477357e-02
1.572685499999949421e+01 -7.296717612768441330e-02 -4.946805081123099856e-02
1.573185399999949396e+01 -7.321488837412747086e-02 -4.963676440851259863e-02
1.573685299999949372e+01 -7.346344545663963110e-02 -4.980605316069960931e-02
1.574185199999949347e+01 -7.371285025524566825e-02 -4.997591899935290016e-02
1.574685099999949323e+01 -7.396310565964152317e-02 -5.014636386215960695e-02
1.575184999999949298e+01 -7.421421456922497328e-02 -5.031738969294854286e-02
1.575684899999949273e+01 -7.446617989312637187e-02 -5.048899844170563755e-02
1.576184799999949249e+01 -7.471900455023949839e-02 -5.066119206458932073e-02
1.576684699999949224e+01 -7.497269146925240879e-02 -5.083397252394594723e-02
1.577184599999949199e+01 -7.522724358867843852e-02 -5.100734178832519450e-02
1.577684499999949175e+01 -7.548266385688723323e-02 -5.118130183249543913e-02
1.578184399999949150e+01 -7.573895523213589054e-02 -5.135585463745914042e-02
1.578684299999949125e+01 -7.599612068260014341e-02 -5.153100219046820307e-02
1.579184199999949101e+01 -7.625416318640564073e-02 -5.170674648503934684e-02
1.579684099999949076e+01 -7.651308573165933880e-02 -5.188308952096944843e-02
1.580183999999949052e+01 -7.677289131648087905e-02 -5.206003330435088339e-02
1.580683899999949027e+01 -7.703358294903416004e-02 -5.223757984758683331e-02
1.581183799999949002e+01 -7.729516364755885383e-02 -5.241573116940662080e-02
1.581683699999948978e+01 -7.755763644040211680e-02 -5.259448929488098889e-02
1.582183599999948953e+01 -7.782100436605032812e-02 -5.277385625543738051e-02
1.582683499999948928e+01 -7.808527047316089764e-02 -5.295383408887521792e-02
1.583183399999948904e+01 -7.835043782059411543e-02 -5.313442483938114053e-02
1.583683299999948879e+01 -7.861650947744519558e-02 -5.331563055754425656e-02
1.584183199999948854e+01 -7.888348852307626446e-02 -5.349745330037134622e-02
1.584683099999948830e+01 -7.915137804714851566e-02 -5.367989513130205087e-02
1.585182999999948805e+01 -7.942018114965435083e-02 -5.386295812022407620e-02
1.585682899999948781e+01 -7.968990094094972887e-02 -5.404664434348833285e-02
1.586182799999948756e+01 -7.996054054178644566e-02 -5.423095588392407712e-02
1.586682699999948731e+01 -8.023210308334460805e-02 -5.441589483085403078e-02
1.587182599999948707e+01 -8.050459170726508018e-02 -5.460146328010948708e-02
1.587682499999948682e+01 -8.077800956568211010e-02 -5.478766333404536115e-02
1.588182399999948657e+01 -8.105235982125595651e-02 -5.497449710155524749e-02
1.588682299999948633e+01 -8.132764564720559863e-02 -5.516196669808644260e-02
1.589182199999948608e+01 -8.160387022734154339e-02 -5.535007424565495382e-02
1.589682099999948584e+01 -8.188103675609872956e-02 -5.553882187286044575e-02
1.590181999999948559e+01 -8.215914843856943206e-02 -5.572821171490120046e-02
1.590681899999948534e+01 -8.243820849053630495e-02 -5.591824591358902918e-02
1.591181799999948510e+01 -8.271822013850549382e-02 -5.610892661736415626e-02
1.591681699999948485e+01 -8.299918661973980372e-02 -5.630025598131008224e-02
1.592181599999948460e+01 -8.328111118229190868e-02 -5.649223616716839147e-02
1.592681499999948436e+01 -8.356399708503772783e-02 -5.668486934335355970e-02
1.593181399999948411e+01 -8.384784759770977369e-02 -5.687815768496771313e-02
1.593681299999948386e+01 -8.413266600093065317e-02 -5.707210337381534576e-02
1.594181199999948362e+01 -8.441845558624659629e-02 -5.726670859841801603e-02
1.594681099999948337e+01 -8.470521965616108206e-02 -5.746197555402900170e-02
1.595180999999948313e+01 -8.499296152416849215e-02 -5.765790644264792014e-02
1.595680899999948288e+01 -8.528168451478791712e-02 -5.785450347303530694e-02
1.596180799999948263e+01 -8.557139196359696276e-02 -5.805176886072715980e-02
1.596680699999948239e+01 -8.586208721726566739e-02 -5.824970482804943395e-02
1.597180599999948214e+01 -8.615377363359047469e-02 -5.844831360413251659e-02
1.597680499999948189e+01 -8.644645458152828976e-02 -5.864759742492562516e-02
1.598180399999948165e+01 -8.674013344123060465e-02 -5.884755853321120556e-02
1.598680299999948140e+01 -8.703481360407767931e-02 -5.904819917861924700e-02
1.599180199999948115e+01 -8.733049847271284749e-02 -5.924952161764159009e-02
1.599680099999948091e+01 -8.762719146107679491e-02 -5.945152811364614459e-02
1.600179999999948066e+01 -8.792489599444201775e-02 -5.965422093689110028e-02
1.600679899999948219e+01 -8.822361550944728126e-02 -5.985760236453906147e-02
1.601179799999948372e+01 -8.852335345413216150e-02 -6.006167468067114684e-02
1.601679699999948525e+01 -8.882411328797169825e-02 -6.026644017630102684e-02
1.602179599999948678e+01 -8.912589848191106168e-02 -6.047190114938893329e-02
1.602679499999948831e+01 -8.942871251840030233e-02 -6.067805990485558576e-02
1.603179399999948984e+01 -8.973255889142919828e-02 -6.088491875459606933e-02
1.603679299999949137e+01 -9.003744110656217159e-02 -6.109248001749368467e-02
1.604179199999949290e+01 -9.034336268097321876e-02 -6.130074601943370782e-02
1.604679099999949443e+01 -9.065032714348097986e-02 -6.150971909331711535e-02
1.605178999999949596e+01 -9.095833803458380773e-02 -6.171940157907421926e-02
1.605678899999949749e+01 -9.126739890649500364e-02 -6.192979582367828112e-02
1.606178799999949902e+01 -9.157751332317798365e-02 -6.214090418115904291e-02
1.606678699999950055e+01 -9.188868486038163919e-02 -6.235272901261619538e-02
1.607178599999950208e+01 -9.220091710567571153e-02 -6.256527268623278404e-02
1.607678499999950361e+01 -9.251421365848619405e-02 -6.277853757728853179e-02
1.608178399999950514e+01 -9.282857813013088710e-02 -6.299252606817315470e-02
1.608678299999950667e+01 -9.314401414385495293e-02 -6.320724054839953199e-02
1.609178199999950820e+01 -9.346052533486656766e-02 -6.342268341461683445e-02
1.609678099999950973e+01 -9.377811535037260116e-02 -6.363885707062362507e-02
1.610177999999951126e+01 -9.409678784961443554e-02 -6.385576392738083473e-02
1.610677899999951279e+01 -9.441654650390375603e-02 -6.407340640302464085e-02
1.611177799999951432e+01 -9.473739499665846664e-02 -6.429178692287937369e-02
1.611677699999951585e+01 -9.505933702343868918e-02 -6.451090791947024228e-02
1.612177599999951738e+01 -9.538237629198273448e-02 -6.473077183253603262e-02
1.612677499999951891e+01 -9.570651652224324013e-02 -6.495138110904170869e-02
1.613177399999952044e+01 -9.603176144642330825e-02 -6.517273820319093025e-02
1.613677299999952197e+01 -9.635811480901272652e-02 -6.539484557643852891e-02
1.614177199999952350e+01 -9.668558036682423085e-02 -6.561770569750281779e-02
1.614677099999952503e+01 -9.701416188902987903e-02 -6.584132104237792882e-02
1.615176999999952656e+01 -9.734386315719741056e-02 -6.606569409434592810e-02
1.615676899999952809e+01 -9.767468796532675912e-02 -6.629082734398895893e-02
1.616176799999952962e+01 -9.800664011988655111e-02 -6.651672328920121835e-02
1.616676699999953115e+01 -9.833972343985065978e-02 -6.674338443520090591e-02
1.617176599999953268e+01 -9.867394175673489809e-02 -6.697081329454200593e-02
1.617676499999953421e+01 -9.900929891463369770e-02 -6.719901238712604197e-02
1.618176399999953574e+01 -9.934579877025685735e-02 -6.742798424021367865e-02
1.618676299999953727e+01 -9.968344519296636064e-02 -6.765773138843625412e-02
1.619176199999953880e+01 -1.000222420648132771e-01 -6.788825637380722922e-02
1.619676099999954033e+01 -1.003621932805746769e-01 -6.811956174573347012e-02
1.620175999999954186e+01 -1.007033027477906156e-01 -6.835165006102653096e-02
1.620675899999954339e+01 -1.010455743868011735e-01 -6.858452388391370058e-02
1.621175799999954492e+01 -1.013890121307835651e-01 -6.881818578604906311e-02
1.621675699999954645e+01 -1.017336199257893037e-01 -6.905263834652435040e-02
1.622175599999954798e+01 -1.020794017307813661e-01 -6.928788415187978056e-02
1.622675499999954951e+01 -1.024263615176715103e-01 -6.952392579611467449e-02
1.623175399999955104e+01 -1.027745032713575507e-01 -6.976076588069805851e-02
1.623675299999955257e+01 -1.031238309897607314e-01 -6.999840701457907266e-02
1.624175199999955410e+01 -1.034743486838631682e-01 -7.023685181419733747e-02
1.624675099999955563e+01 -1.038260603777452912e-01 -7.047610290349309858e-02
1.625174999999955716e+01 -1.041789701086233838e-01 -7.071616291391735754e-02
1.625674899999955869e+01 -1.045330819268871364e-01 -7.095703448444179440e-02
1.626174799999956022e+01 -1.048883998961372827e-01 -7.119872026156859324e-02
1.626674699999956175e+01 -1.052449280932232639e-01 -7.144122289934017045e-02
1.627174599999956328e+01 -1.056026706082809491e-01 -7.168454505934872267e-02
1.627674499999956481e+01 -1.059616315447703822e-01 -7.192868941074564981e-02
1.628174399999956634e+01 -1.063218150195136269e-01 -7.217365863025089479e-02
1.628674299999956787e+01 -1.066832251627326117e-01 -7.241945540216207511e-02
1.629174199999956940e+01 -1.070458661180870019e-01 -7.266608241836350346e-02
1.629674099999957093e+01 -1.074097420427121974e-01 -7.291354237833511109e-02
1.630173999999957246e+01 -1.077748571072572881e-01 -7.316183798916113534e-02
1.630673899999957399e+01 -1.081412154959231070e-01 -7.341097196553876547e-02
1.631173799999957552e+01 -1.085088214065003109e-01 -7.366094702978655262e-02
1.631673699999957705e+01 -1.088776790504074887e-01 -7.391176591185272260e-02
1.632173599999957858e+01 -1.092477926527293114e-01 -7.416343134932332215e-02
1.632673499999958011e+01 -1.096191664522547793e-01 -7.441594608743021255e-02
1.633173399999958164e+01 -1.099918047015154277e-01 -7.466931287905888281e-02
1.633673299999958317e+01 -1.103657116668235877e-01 -7.492353448475615185e-02
1.634173199999958470e+01 -1.107408916283107586e-01 -7.517861367273764861e-02
1.634673099999958623e+01 -1.111173488799659242e-01 -7.543455321889519505e-02
1.635172999999958776e+01 -1.114950877296739390e-01 -7.569135590680398096e-02
1.635672899999958929e+01 -1.118741124992539832e-01 -7.594902452772954449e-02
1.636172799999959082e+01 -1.122544275244980183e-01 -7.620756188063466940e-02
1.636672699999959235e+01 -1.126360371552092565e-01 -7.646697077218601868e-02
1.637172599999959388e+01 -1.130189457552407128e-01 -7.672725401676061541e-02
1.637672499999959541e+01 -1.134031577025337578e-01 -7.698841443645219884e-02
1.638172399999959694e+01 -1.137886773891566977e-01 -7.725045486107731674e-02
1.638672299999959847e+01 -1.141755092213434380e-01 -7.751337812818132056e-02
1.639172199999960000e+01 -1.145636576195320638e-01 -7.777718708304405537e-02
1.639672099999960153e+01 -1.149531270184036003e-01 -7.804188457868552198e-02
1.640171999999960306e+01 -1.153439218669206345e-01 -7.830747347587117824e-02
1.640671899999960459e+01 -1.157360466283661321e-01 -7.857395664311718486e-02
1.641171799999960612e+01 -1.161295057803821279e-01 -7.884133695669534592e-02
1.641671699999960765e+01 -1.165243038150085286e-01 -7.910961730063795216e-02
1.642171599999960918e+01 -1.169204452387219567e-01 -7.937880056674231910e-02
1.642671499999961071e+01 -1.173179345724745110e-01 -7.964888965457518621e-02
1.643171399999961224e+01 -1.177167763517326798e-01 -7.991988747147690808e-02
1.643671299999961377e+01 -1.181169751265161855e-01 -8.019179693256539565e-02
1.644171199999961530e+01 -1.185185354614368414e-01 -8.046462096073986325e-02
1.644671099999961683e+01 -1.189214619357375213e-01 -8.073836248668436744e-02
1.645170999999961836e+01 -1.193257591433310449e-01 -8.101302444887109599e-02
1.645670899999961989e+01 -1.197314316928391187e-01 -8.128860979356349048e-02
1.646170799999962142e+01 -1.201384842076313186e-01 -8.156512147481909114e-02
1.646670699999962295e+01 -1.205469213258640315e-01 -8.184256245449215983e-02
1.647170599999962448e+01 -1.209567477005194375e-01 -8.212093570223608086e-02
1.647670499999962601e+01 -1.213679679994445204e-01 -8.240024419550552592e-02
1.648170399999962754e+01 -1.217805869053900647e-01 -8.268049091955841090e-02
1.648670299999962907e+01 -1.221946091160496656e-01 -8.296167886745753339e-02
1.649170199999963060e+01 -1.226100393440987535e-01 -8.324381104007202992e-02
1.649670099999963213e+01 -1.230268823172336046e-01 -8.352689044607858326e-02
1.650169999999963366e+01 -1.234451427782104066e-01 -8.381092010196235231e-02
1.650669899999963519e+01 -1.238648254848842695e-01 -8.409590303201763817e-02
1.651169799999963672e+01 -1.242859352102482634e-01 -8.438184226834832824e-02
1.651669699999963825e+01 -1.247084767424724711e-01 -8.466874085086807666e-02
1.652169599999963978e+01 -1.251324548849430118e-01 -8.495660182730019327e-02
1.652669499999964131e+01 -1.255578744563011218e-01 -8.524542825317725503e-02
1.653169399999964284e+01 -1.259847402904821223e-01 -8.553522319184050926e-02
1.653669299999964437e+01 -1.264130572367545280e-01 -8.582598971443891611e-02
1.654169199999964590e+01 -1.268428301597590291e-01 -8.611773089992798280e-02
1.654669099999964743e+01 -1.272740639395475437e-01 -8.641044983506830646e-02
1.655168999999964896e+01 -1.277067634716221589e-01 -8.670414961442375612e-02
1.655668899999965049e+01 -1.281409336669742383e-01 -8.699883334035948823e-02
1.656168799999965202e+01 -1.285765794521233352e-01 -8.729450412303955964e-02
1.656668699999965355e+01 -1.290137057691562172e-01 -8.759116508042429083e-02
1.657168599999965508e+01 -1.294523175757657796e-01 -8.788881933826735160e-02
1.657668499999965661e+01 -1.298924198452900969e-01 -8.818747003011249974e-02
1.658168399999965814e+01 -1.303340175667512257e-01 -8.848712029729001449e-02
1.658668299999965967e+01 -1.307771157448942567e-01 -8.878777328891285237e-02
1.659168199999966120e+01 -1.312217194002260612e-01 -8.908943216187245606e-02
1.659668099999966273e+01 -1.316678335690543156e-01 -8.939210008083425807e-02
1.660167999999966426e+01 -1.321154633035262482e-01 -8.969578021823283731e-02
1.660667899999966579e+01 -1.325646136716674972e-01 -9.000047575426678437e-02
1.661167799999966732e+01 -1.330152897574208848e-01 -9.030618987689320587e-02
1.661667699999966885e+01 -1.334674966606852475e-01 -9.061292578182190971e-02
1.662167599999967038e+01 -1.339212394973541276e-01 -9.092068667250924330e-02
1.662667499999967191e+01 -1.343765233993545194e-01 -9.122947576015157101e-02
1.663167399999967344e+01 -1.348333535146854778e-01 -9.153929626367846017e-02
1.663667299999967497e+01 -1.352917350074568092e-01 -9.185015140974540915e-02
1.664167199999967650e+01 -1.357516730579276798e-01 -9.216204443272633939e-02
1.664667099999967803e+01 -1.362131728625451677e-01 -9.247497857470562965e-02
1.665166999999967956e+01 -1.366762396339827601e-01 -9.278895708546985865e-02
1.665666899999968109e+01 -1.371408786011789060e-01 -9.310398322249910374e-02
1.666166799999968262e+01 -1.376070950093753742e-01 -9.342006025095793420e-02
1.666666699999968415e+01 -1.380748941201556945e-01 -9.373719144368597433e-02
1.667166599999968568e+01 -1.385442812114834887e-01 -9.405538008118811966e-02
1.667666499999968721e+01 -1.390152615777407175e-01 -9.437462945162433670e-02
1.668166399999968874e+01 -1.394878405297660384e-01 -9.469494285079907425e-02
1.668666299999969027e+01 -1.399620233948928594e-01 -9.501632358215028606e-02
1.669166199999969180e+01 -1.404378155169875575e-01 -9.533877495673806490e-02
1.669666099999969333e+01 -1.409152222564875045e-01 -9.566230029323283257e-02
1.670165999999969486e+01 -1.413942489904391475e-01 -9.598690291790314133e-02
1.670665899999969639e+01 -1.418749011125358672e-01 -9.631258616460305899e-02
1.671165799999969792e+01 -1.423571840331559479e-01 -9.663935337475913767e-02
1.671665699999969945e+01 -1.428411031794003250e-01 -9.696720789735693846e-02
1.672165599999970098e+01 -1.433266639951304156e-01 -9.729615308892709813e-02
1.672665499999970251e+01 -1.438138719410057553e-01 -9.762619231353106275e-02
1.673165399999970404e+01 -1.443027324945216072e-01 -9.795732894274625235e-02
1.673665299999970557e+01 -1.447932511500465147e-01 -9.828956635565086475e-02
1.674165199999970710e+01 -1.452854334188597440e-01 -9.862290793880817974e-02
1.674665099999970863e+01 -1.457792848291886434e-01 -9.895735708625044702e-02
1.675164999999971016e+01 -1.462748109262460017e-01 -9.929291719946224670e-02
1.675664899999971169e+01 -1.467720172722671856e-01 -9.962959168736348903e-02
1.676164799999971322e+01 -1.472709094465473323e-01 -9.996738396629183121e-02
1.676664699999971475e+01 -1.477714930454783471e-01 -1.003062974599846502e-01
1.677164599999971628e+01 -1.482737736825858188e-01 -1.006463355995605713e-01
1.677664499999971781e+01 -1.487777569885659623e-01 -1.009875018235004696e-01
1.678164399999971934e+01 -1.492834486113222836e-01 -1.013297995776279853e-01
1.678664299999972087e+01 -1.497908542160022727e-01 -1.016732323150895123e-01
1.679164199999972240e+01 -1.502999794850339854e-01 -1.020178034963337282e-01
1.679664099999972393e+01 -1.508108301181624589e-01 -1.023635165890905835e-01
1.680163999999972546e+01 -1.513234118324860433e-01 -1.027103750683497629e-01
1.680663899999972699e+01 -1.518377303624927066e-01 -1.030583824163386758e-01
1.681163799999972852e+01 -1.523537914600960608e-01 -1.034075421224998209e-01
1.681663699999973005e+01 -1.528716008946714722e-01 -1.037578576834676941e-01
1.682163599999973158e+01 -1.533911644530918938e-01 -1.041093326030451682e-01
1.682663499999973311e+01 -1.539124879397636425e-01 -1.044619703921792347e-01
1.683163399999973464e+01 -1.544355771766620922e-01 -1.048157745689362874e-01
1.683663299999973617e+01 -1.549604380033671458e-01 -1.051707486584767537e-01
1.684163199999973770e+01 -1.554870762770987069e-01 -1.055268961930292820e-01
1.684663099999973923e+01 -1.560154978727518182e-01 -1.058842207118642215e-01
1.685162999999974076e+01 -1.565457086829319666e-01 -1.062427257612666015e-01
1.685662899999974229e+01 -1.570777146179899442e-01 -1.066024148945085431e-01
1.686162799999974382e+01 -1.576115216060567925e-01 -1.069632916718210036e-01
1.686662699999974535e+01 -1.581471355930784140e-01 -1.073253596603649940e-01
1.687162599999974688e+01 -1.586845625428502937e-01 -1.076886224342021442e-01
1.687662499999974841e+01 -1.592238084370517781e-01 -1.080530835742646856e-01
1.688162399999974994e+01 -1.597648792752804359e-01 -1.084187466683248224e-01
1.688662299999975147e+01 -1.603077810750861143e-01 -1.087856153109634239e-01
1.689162199999975300e+01 -1.608525198720049121e-01 -1.091536931035381602e-01
1.689662099999975453e+01 -1.613991017195930411e-01 -1.095229836541509461e-01
1.690161999999975606e+01 -1.619475326894603551e-01 -1.098934905776147580e-01
1.690661899999975759e+01 -1.624978188713038785e-01 -1.102652174954198011e-01
1.691161799999975912e+01 -1.630499663729410853e-01 -1.106381680356990083e-01
1.691661699999976065e+01 -1.636039813203430116e-01 -1.110123458331928742e-01
1.692161599999976218e+01 -1.641598698576672011e-01 -1.113877545292136645e-01
1.692661499999976371e+01 -1.647176381472904849e-01 -1.117643977716088199e-01
1.693161399999976524e+01 -1.652772923698415108e-01 -1.121422792147238334e-01
1.693661299999976677e+01 -1.658388387242331896e-01 -1.125214025193643080e-01
1.694161199999976830e+01 -1.664022834276948359e-01 -1.129017713527573630e-01
1.694661099999976983e+01 -1.669676327158042262e-01 -1.132833893885123455e-01
1.695160999999977136e+01 -1.675348928425193784e-01 -1.136662603065807520e-01
1.695660899999977289e+01 -1.681040700802101384e-01 -1.140503877932155380e-01
1.696160799999977442e+01 -1.686751707196896266e-01 -1.144357755409295963e-01
1.696660699999977595e+01 -1.692482010702453521e-01 -1.148224272484535402e-01
1.697160599999977748e+01 -1.698231674596702712e-01 -1.152103466206927385e-01
1.697660499999977901e+01 -1.704000762342934572e-01 -1.155995373686835859e-01
1.698160399999978054e+01 -1.709789337590107428e-01 -1.159900032095489836e-01
1.698660299999978207e+01 -1.715597464173149456e-01 -1.163817478664531113e-01
1.699160199999978360e+01 -1.721425206113259831e-01 -1.167747750685553532e-01
1.699660099999978513e+01 -1.727272627618207379e-01 -1.171690885509635155e-01
1.700159999999978666e+01 -1.733139793082626723e-01 -1.175646920546861429e-01
1.700659899999978819e+01 -1.739026767088311665e-01 -1.179615893265841264e-01
1.701159799999978972e+01 -1.744933614404507172e-01 -1.183597841193214373e-01
1.701659699999979125e+01 -1.750860399988197758e-01 -1.187592801913150697e-01
1.702159599999979278e+01 -1.756807188984393919e-01 -1.191600813066841513e-01
1.702659499999979431e+01 -1.762774046726416077e-01 -1.195621912351982202e-01
1.703159399999979584e+01 -1.768761038736175462e-01 -1.199656137522246424e-01
1.703659299999979737e+01 -1.774768230724452500e-01 -1.203703526386751682e-01
1.704159199999979890e+01 -1.780795688591173265e-01 -1.207764116809516425e-01
1.704659099999980043e+01 -1.786843478425681753e-01 -1.211837946708908403e-01
1.705158999999980196e+01 -1.792911666507010782e-01 -1.215925054057084426e-01
1.705658899999980349e+01 -1.799000319304149276e-01 -1.220025476879420673e-01
1.706158799999980502e+01 -1.805109503476306776e-01 -1.224139253253934412e-01
1.706658699999980655e+01 -1.811239285873175175e-01 -1.228266421310696410e-01
1.707158599999980808e+01 -1.817389733535187402e-01 -1.232407019231234746e-01
1.707658499999980961e+01 -1.823560913693773322e-01 -1.236561085247928488e-01
1.708158399999981114e+01 -1.829752893771612043e-01 -1.240728657643392768e-01
1.708658299999981267e+01 -1.835965741382881988e-01 -1.244909774749853731e-01
1.709158199999981420e+01 -1.842199524333507088e-01 -1.249104474948514870e-01
1.709658099999981573e+01 -1.848454310621399643e-01 -1.253312796668912543e-01
1.710157999999981726e+01 -1.854730168436700966e-01 -1.257534778388262886e-01
1.710657899999981879e+01 -1.861027166162017854e-01 -1.261770458630798175e-01
1.711157799999982032e+01 -1.867345372372655743e-01 -1.266019875967093478e-01
1.711657699999982185e+01 -1.873684855836848517e-01 -1.270283069013383170e-01
1.712157599999982338e+01 -1.880045685515985554e-01 -1.274560076430867883e-01
1.712657499999982491e+01 -1.886427930564834599e-01 -1.278850936925010340e-01
1.713157399999982644e+01 -1.892831660331761034e-01 -1.283155689244821762e-01
1.713657299999982797e+01 -1.899256944358943544e-01 -1.287474372182136617e-01
1.714157199999982950e+01 -1.905703852382587549e-01 -1.291807024570878759e-01
1.714657099999983103e+01 -1.912172454333131988e-01 -1.296153685286315083e-01
1.715156999999983256e+01 -1.918662820335455543e-01 -1.300514393244299183e-01
1.715656899999983409e+01 -1.925175020709077034e-01 -1.304889187400504746e-01
1.716156799999983562e+01 -1.931709125968352758e-01 -1.309278106749647008e-01
1.716656699999983715e+01 -1.938265206822669118e-01 -1.313681190324693659e-01
1.717156599999983868e+01 -1.944843334176632466e-01 -1.318098477196064655e-01
1.717656499999984021e+01 -1.951443579130254236e-01 -1.322530006470821196e-01
1.718156399999984174e+01 -1.958066012979131632e-01 -1.326975817291841664e-01
1.718656299999984327e+01 -1.964710707214625263e-01 -1.331435948836988403e-01
1.719156199999984480e+01 -1.971377733524031228e-01 -1.335910440318261450e-01
1.719656099999984633e+01 -1.978067163790750427e-01 -1.340399330980940329e-01
1.720155999999984786e+01 -1.984779070094451758e-01 -1.344902660102715586e-01
1.720655899999984939e+01 -1.991513524711232830e-01 -1.349420466992806988e-01
1.721155799999985092e+01 -1.998270600113774553e-01 -1.353952790991069799e-01
1.721655699999985245e+01 -2.005050368971492969e-01 -1.358499671467090220e-01
1.722155599999985398e+01 -2.011852904150684962e-01 -1.363061147819266683e-01
1.722655499999985551e+01 -2.018678278714669816e-01 -1.367637259473880595e-01
1.723155399999985704e+01 -2.025526565923926881e-01 -1.372228045884153202e-01
1.723655299999985857e+01 -2.032397839236227410e-01 -1.376833546529290520e-01
1.724155199999986010e+01 -2.039292172306761686e-01 -1.381453800913515495e-01
1.724655099999986163e+01 -2.046209638988262802e-01 -1.386088848565087683e-01
1.725154999999986316e+01 -2.053150313331123245e-01 -1.390738729035309040e-01
1.725654899999986469e+01 -2.060114269583508129e-01 -1.395403481897517506e-01
1.726154799999986622e+01 -2.067101582191462339e-01 -1.400083146746066987e-01
1.726654699999986775e+01 -2.074112325799013778e-01 -1.404777763195294293e-01
1.727154599999986928e+01 -2.081146575248269681e-01 -1.409487370878472201e-01
1.727654499999987081e+01 -2.088204405579509593e-01 -1.414212009446749463e-01
1.728154399999987234e+01 -2.095285892031271413e-01 -1.418951718568076947e-01
1.728654299999987387e+01 -2.102391110040432720e-01 -1.423706537926120175e-01
1.729154199999987540e+01 -2.109520135242286820e-01 -1.428476507219157143e-01
1.729654099999987693e+01 -2.116673043470612969e-01 -1.433261666158963110e-01
1.730153999999987846e+01 -2.123849910757741044e-01 -1.438062054469680662e-01
1.730653899999987999e+01 -2.131050813334610106e-01 -1.442877711886675907e-01
1.731153799999988152e+01 -2.138275827630822523e-01 -1.447708678155379125e-01
1.731653699999988305e+01 -2.145525030274690048e-01 -1.452554993030112651e-01
1.732153599999988458e+01 -2.152798498093276836e-01 -1.457416696272902379e-01
1.732653499999988611e+01 -2.160096308112433583e-01 -1.462293827652275113e-01
1.733153399999988764e+01 -2.167418537556827784e-01 -1.467186426942041488e-01
1.733653299999988917e+01 -2.174765263849966768e-01 -1.472094533920062787e-01
1.734153199999989070e+01 -2.182136564614215180e-01 -1.477018188367003326e-01
1.734653099999989223e+01 -2.189532517670805256e-01 -1.481957430065067305e-01
1.735152999999989376e+01 -2.196953201039841819e-01 -1.486912298796719822e-01
1.735652899999989529e+01 -2.204398692940300053e-01 -1.491882834343392361e-01
1.736152799999989682e+01 -2.211869071790017460e-01 -1.496869076484173555e-01
1.736652699999989835e+01 -2.219364416205678592e-01 -1.501871064994481919e-01
1.737152599999989988e+01 -2.226884805002792844e-01 -1.506888839644724976e-01
1.737652499999990141e+01 -2.234430317195667259e-01 -1.511922440198940620e-01
1.738152399999990294e+01 -2.242001031997369886e-01 -1.516971906413422111e-01
1.738652299999990447e+01 -2.249597028819688704e-01 -1.522037278035328067e-01
1.739152199999990600e+01 -2.257218387273081661e-01 -1.527118594801273876e-01
1.739652099999990753e+01 -2.264865187166621163e-01 -1.532215896435908387e-01
1.740151999999990906e+01 -2.272537508507929682e-01 -1.537329222650472005e-01
1.740651899999991059e+01 -2.280235431503109811e-01 -1.542458613141338697e-01
1.741151799999991212e+01 -2.287959036556666270e-01 -1.547604107588540778e-01
1.741651699999991365e+01 -2.295708404271419867e-01 -1.552765745654276219e-01
1.742151599999991518e+01 -2.303483615448415622e-01 -1.557943566981398464e-01
1.742651499999991671e+01 -2.311284751086821465e-01 -1.563137611191889043e-01
1.743151399999991824e+01 -2.319111892383819984e-01 -1.568347917885311305e-01
1.743651299999991977e+01 -2.326965120734492964e-01 -1.573574526637247784e-01
1.744151199999992130e+01 -2.334844517731697044e-01 -1.578817476997718683e-01
1.744651099999992283e+01 -2.342750165165932152e-01 -1.584076808489582322e-01
1.745150999999992436e+01 -2.350682145025202174e-01 -1.589352560606916709e-01
1.745650899999992589e+01 -2.358640539494866184e-01 -1.594644772813383349e-01
1.746150799999992742e+01 -2.366625430957482734e-01 -1.599953484540572735e-01
1.746650699999992895e+01 -2.374636901992645266e-01 -1.605278735186329853e-01
1.747150599999993048e+01 -2.382675035376809192e-01 -1.610620564113061093e-01
1.747650499999993201e+01 -2.390739914083110373e-01 -1.615979010646023395e-01
1.748150399999993354e+01 -2.398831621281174997e-01 -1.621354114071591745e-01
1.748650299999993507e+01 -2.406950240336921398e-01 -1.626745913635509466e-01
1.749150199999993660e+01 -2.415095854812352172e-01 -1.632154448541117409e-01
1.749650099999993813e+01 -2.423268548465337124e-01 -1.637579757947565107e-01
1.750149999999993966e+01 -2.431468405249389009e-01 -1.643021880967999448e-01
1.750649899999994119e+01 -2.439695509313428434e-01 -1.648480856667735861e-01
1.751149799999994272e+01 -2.447949945001539618e-01 -1.653956724062408123e-01
1.751649699999994425e+01 -2.456231796852718086e-01 -1.659449522116097919e-01
1.752149599999994578e+01 -2.464541149600608105e-01 -1.664959289739443571e-01
1.752649499999994731e+01 -2.472878088173230682e-01 -1.670486065787728791e-01
1.753149399999994884e+01 -2.481242697692702115e-01 -1.676029889058950062e-01
1.753649299999995037e+01 -2.489635063474942289e-01 -1.681590798291863198e-01
1.754149199999995190e+01 -2.498055271029374080e-01 -1.687168832164008814e-01
1.754649099999995343e+01 -2.506503406058612216e-01 -1.692764029289716143e-01
1.755148999999995496e+01 -2.514979554458142696e-01 -1.698376428218085765e-01
1.755648899999995649e+01 -2.523483802315990565e-01 -1.704006067430950122e-01
1.756148799999995802e+01 -2.532016235912379343e-01 -1.709652985340813225e-01
1.756648699999995955e+01 -2.540576941719379089e-01 -1.715317220288766764e-01
1.757148599999996108e+01 -2.549166006400544471e-01 -1.720998810542385959e-01
1.757648499999996261e+01 -2.557783516810540614e-01 -1.726697794293601540e-01
1.758148399999996414e+01 -2.566429559994761189e-01 -1.732414209656550075e-01
1.758648299999996567e+01 -2.575104223188933728e-01 -1.738148094665400989e-01
1.759148199999996720e+01 -2.583807593818713833e-01 -1.743899487272161652e-01
1.759648099999996873e+01 -2.592539759499269403e-01 -1.749668425344458877e-01
1.760147999999997026e+01 -2.601300808034852086e-01 -1.755454946663296822e-01
1.760647899999997179e+01 -2.610090827418360959e-01 -1.761259088920792693e-01
1.761147799999997332e+01 -2.618909905830890117e-01 -1.767080889717888015e-01
1.761647699999997485e+01 -2.627758131641268480e-01 -1.772920386562036599e-01
1.762147599999997638e+01 -2.636635593405585731e-01 -1.778777616864868627e-01
1.762647499999997791e+01 -2.645542379866708815e-01 -1.784652617939830321e-01
1.763147399999997944e+01 -2.654478579953782891e-01 -1.790545426999800294e-01
1.763647299999998097e+01 -2.663444282781725070e-01 -1.796456081154680362e-01
1.764147199999998250e+01 -2.672439577650701503e-01 -1.802384617408963330e-01
1.764647099999998403e+01 -2.681464554045596138e-01 -1.808331072659274674e-01
1.765146999999998556e+01 -2.690519301635463933e-01 -1.814295483691889255e-01
1.765646899999998709e+01 -2.699603910272972973e-01 -1.820277887180224985e-01
1.766146799999998862e+01 -2.708718469993834921e-01 -1.826278319682308471e-01
1.766646699999999015e+01 -2.717863071016221044e-01 -1.832296817638217334e-01
1.767146599999999168e+01 -2.727037803740166577e-01 -1.838333417367496447e-01
1.767646499999999321e+01 -2.736242758746961767e-01 -1.844388155066547241e-01
1.768146399999999474e+01 -2.745478026798528481e-01 -1.850461066805992871e-01
1.768646299999999627e+01 -2.754743698836786270e-01 -1.856552188528016456e-01
1.769146199999999780e+01 -2.764039865983002886e-01 -1.862661556043672118e-01
1.769646099999999933e+01 -2.773366619537132594e-01 -1.868789205030171319e-01
1.770146000000000086e+01 -2.782724050977139485e-01 -1.874935171028141445e-01
1.770645900000000239e+01 -2.792112251958307478e-01 -1.881099489438857464e-01
1.771145800000000392e+01 -2.801531314312538101e-01 -1.887282195521447492e-01
1.771645700000000545e+01 -2.810981330047631621e-01 -1.893483324390069777e-01
1.772145600000000698e+01 -2.820462391346556519e-01 -1.899702911011064144e-01
1.772645500000000851e+01 -2.829974590566701753e-01 -1.905940990200074292e-01
1.773145400000001004e+01 -2.839518020239116813e-01 -1.912197596619143181e-01
1.773645300000001157e+01 -2.849092773067737894e-01 -1.918472764773780648e-01
1.774145200000001310e+01 -2.858698941928595194e-01 -1.924766529010002170e-01
1.774645100000001463e+01 -2.868336619869011339e-01 -1.931078923511340695e-01
1.775145000000001616e+01 -2.878005900106778703e-01 -1.937409982295828503e-01
1.775644900000001769e+01 -2.887706876029326741e-01 -1.943759739212952142e-01
1.776144800000001922e+01 -2.897439641192870452e-01 -1.950128227940576831e-01
1.776644700000002075e+01 -2.907204289321544954e-01 -1.956515481981843385e-01
1.777144600000002228e+01 -2.917000914306524528e-01 -1.962921534662035450e-01
1.777644500000002381e+01 -2.926829610205124999e-01 -1.969346419125417580e-01
1.778144400000002534e+01 -2.936690471239892242e-01 -1.975790168332043073e-01
1.778644300000002687e+01 -2.946583591797671264e-01 -1.982252815054533490e-01
1.779144200000002840e+01 -2.956509066428662513e-01 -1.988734391874827645e-01
1.779644100000002993e+01 -2.966466989845459867e-01 -1.995234931180900340e-01
1.780144000000003146e+01 -2.976457456922073641e-01 -2.001754465163451124e-01
1.780643900000003299e+01 -2.986480562692935270e-01 -2.008293025812563082e-01
1.781143800000003452e+01 -2.996536402351885342e-01 -2.014850644914331079e-01
1.781643700000003605e+01 -3.006625071251147197e-01 -2.021427354047458380e-01
